{
  "software": "Dubbo",
  "platform_link": "https://github.com/apache/dubbo",
  "git_link": "https://github.com/apache/dubbo",
  "description": "Apache Dubbo\u662f\u4e00\u4e2a\u9ad8\u6027\u80fd\u3001\u57fa\u4e8eJava\u7684\u5f00\u6e90RPC\u6846\u67b6\u3002",
  "language": [
    "Java",
    "Mustache",
    "Shell",
    "JavaScript",
    "Lex",
    "Batchfile"
  ],
  "version": [
    "dubbo-3.0.7",
    "dubbo-3.0.6",
    "dubbo-3.0.5",
    "dubbo-2.7.15",
    "dubbo-2.6.12",
    "dubbo-3.0.4",
    "dubbo-3.0.3",
    "dubbo-2.7.14",
    "dubbo-2.6.11",
    "dubbo-3.0.2.1",
    "dubbo-3.0.2",
    "dubbo-2.7.13",
    "dubbo-3.0.1",
    "dubbo-3.0.0",
    "dubbo-2.7.12",
    "dubbo-2.6.10.1",
    "dubbo-2.7.11",
    "dubbo-2.7.10",
    "dubbo-2.7.9",
    "dubbo-2.7.8",
    "dubbo-2.6.9",
    "dubbo-2.7.7",
    "dubbo-2.7.6",
    "dubbo-2.6.8",
    "dubbo-2.7.5",
    "dubbo-2.7.4.1",
    "dubbo-2.7.3",
    "dubbo-2.6.7",
    "dubbo-2.7.2",
    "dubbo-2.7.1",
    "dubbo-2.6.6",
    "dubbo-2.7.0",
    "dubbo-2.6.5",
    "dubbo-2.6.4",
    "dubbo-2.6.3",
    "dubbo-2.6.2",
    "dubbo-2.6.1",
    "dubbo-2.5.10",
    "dubbo-2.5.9",
    "dubbo-2.6.0",
    "dubbo-2.5.8",
    "dubbo-2.5.7",
    "dubbo-2.5.6",
    "dubbo-2.5.5",
    "dubbo-2.5.4",
    "dubbo-2.4.11"
  ],
  "versions_dates": {
    "dubbo-3.0.7": "2022-03-28T07:41:30Z",
    "dubbo-3.0.6": "2022-03-28T07:41:30Z",
    "dubbo-3.0.5": "2022-03-28T07:41:30Z",
    "dubbo-2.7.15": "2022-03-28T07:41:30Z",
    "dubbo-2.6.12": "2022-03-28T07:41:30Z",
    "dubbo-3.0.4": "2022-03-28T07:41:30Z",
    "dubbo-3.0.3": "2022-03-28T07:41:30Z",
    "dubbo-2.7.14": "2022-03-28T07:41:30Z",
    "dubbo-2.6.11": "2022-03-28T07:41:30Z",
    "dubbo-3.0.2.1": "2022-03-28T07:41:30Z",
    "dubbo-3.0.2": "2021-08-17T16:56:45Z",
    "dubbo-2.7.13": "2021-08-17T16:56:45Z",
    "dubbo-3.0.1": "2021-08-17T16:56:45Z",
    "dubbo-3.0.0": "2021-08-17T16:56:45Z",
    "dubbo-2.7.12": "2021-08-17T16:56:45Z",
    "dubbo-2.6.10.1": "2021-08-17T16:56:45Z",
    "dubbo-2.7.11": "2021-08-17T16:56:45Z",
    "dubbo-2.7.10": "2021-08-17T16:56:45Z",
    "dubbo-2.7.9": "2021-08-17T16:56:45Z",
    "dubbo-2.7.8": "2020-07-28T02:18:35Z",
    "dubbo-2.6.9": "2020-07-28T02:18:35Z",
    "dubbo-2.7.7": "2020-07-28T02:18:35Z",
    "apache-dubbo-2.7.6": "2020-07-28T02:18:35Z",
    "apache-dubbo-2.6.8": "2020-07-28T02:18:35Z",
    "apache-dubbo-2.7.5": "2020-07-28T02:18:35Z",
    "apache-dubbo-2.7.4.1": "2020-07-28T02:18:35Z",
    "apache-dubbo-2.7.3": "2020-07-28T02:18:35Z",
    "apache-dubbo-2.6.7": "2020-07-28T02:18:35Z",
    "apache-dubbo-2.7.2": "2020-07-28T02:18:35Z",
    "apache-dubbo-2.7.1": "2019-03-26T08:58:03Z",
    "apache-dubbo-2.6.6": "2019-03-26T08:58:03Z",
    "apache-dubbo-2.7.0": "2019-03-26T08:58:03Z",
    "apache-dubbo-2.6.5": "2019-03-26T08:58:03Z",
    "apache-dubbo-2.6.4": "2019-03-26T08:58:03Z",
    "apache-dubbo-2.6.3": "2019-03-26T08:58:03Z",
    "apache-dubbo-2.6.2": "2019-03-26T08:58:03Z",
    "dubbo-2.6.1": "2019-03-26T08:58:03Z",
    "dubbo-2.5.10": "2019-03-26T08:58:03Z",
    "dubbo-2.5.9": "2019-03-26",
    "dubbo-2.6.0": "2018-01-08",
    "Dubbo-2.5.8": "2018-01-08",
    "dubbo-2.5.7": "2018-01-08",
    "dubbo-2.5.6": "2018-01-08",
    "dubbo-2.5.5": "2018-01-08",
    "dubbo-2.5.4": "2018-01-08",
    "dubbo-2.4.11": "2018-01-08"
  },
  "package_manager": "maven"
}

