{
    "software": "echarts",
    "vendor": "apache",
    "platform_link": "https://issues.apache.org/jira/projects/ECHARTS",
    "git_link": "https://github.com/apache/echarts",
    "description": "Apache ECharts是一款基于JavaScript的数据可视化图表库，提供直观，生动，可交互，可个性化定制的数据可视化图表。",
    "component_label": "无",
    "severity_label": "无",
    "version_label": "无",
    "language": [
      "TypeScript",
      "JavaScript",
      "Other"
    ],
    "version": [
      "5.3.3",
      "5.3.2",
      "5.3.1",
      "5.3.0",
      "5.2.2",
      "5.2.1",
      "5.2.0",
      "5.1.2",
      "5.1.1",
      "5.1.0",
      "5.0.2",
      "5.0.1",
      "5.0.0",
      "4.9.0",
      "4.8.0",
      "4.7.0",
      "4.6.0",
      "4.5.0",
      "4.4.0",
      "4.3.0",
      "4.2.1",
      "4.1.0",
      "4.0.4",
      "4.0.3",
      "4.0.2",
      "4.0.0",
      "3.8.5",
      "3.8.4",
      "3.8.3",
      "3.8.2",
      "3.8.0",
      "3.7.2",
      "3.7.1",
      "3.7.0",
      "3.6.2",
      "3.6.1",
      "3.6.0",
      "3.5.4",
      "3.5.3",
      "3.5.2",
      "3.5.0",
      "3.4.0",
      "3.3.2",
      "3.3.1",
      "3.3.0",
      "3.2.3",
      "3.2.2",
      "3.2.1",
      "3.2.0",
      "3.1.10",
      "3.1.9",
      "3.1.8",
      "3.1.7",
      "3.1.6",
      "3.1.5",
      "3.1.4",
      "3.1.3",
      "3.1.2",
      "3.1.1",
      "3.0.2",
      "3.0.1",
      "3.0.0",
      "2.2.7",
      "2.2.6",
      "2.2.5",
      "2.2.4",
      "2.2.3",
      "2.2.2",
      "2.2.1"
    ],
    "versions_dates": {
      "5.3.3": "2022-06-14",
      "5.3.2": "2022-04-01",
      "5.3.1": "2022-03-07",
      "5.3.0": "2022-01-26",
      "5.2.2": "2021-11-01",
      "5.2.1": "2021-09-21",
      "5.2.0": "2021-09-01",
      "5.1.2": "2021-06-08",
      "5.1.1": "2021-04-27",
      "5.1.0": "2021-04-16",
      "5.0.2": "2021-02-06",
      "5.0.1": "2021-01-16",
      "5.0.0": "2020-12-02",
      "4.9.0": "2020-08-28",
      "4.8.0": "2020-05-25",
      "4.7.0": "2020-03-18",
      "4.6.0": "2019-12-29",
      "4.5.0": "2019-11-18",
      "4.4.0": "2019-10-15",
      "4.3.0": "2019-09-16",
      "4.2.1": "2019-03-21",
      "4.1.0": "2018-08-04",
      "4.0.4": "2018-02-28",
      "4.0.3": "2018-02-27",
      "4.0.2": "2018-01-17",
      "4.0.0": "2018-01-16",
      "3.8.5": "2017-11-14",
      "3.8.4": "2017-11-13",
      "3.8.3": "2017-11-10",
      "3.8.2": "2017-11-10",
      "3.8.0": "2017-11-08",
      "3.7.2": "2017-09-27",
      "3.7.1": "2017-08-31",
      "3.7.0": "2017-08-22",
      "3.6.2": "2017-06-15",
      "3.6.1": "2017-05-27",
      "3.6.0": "2017-05-25",
      "3.5.4": "2017-04-26",
      "3.5.3": "2017-04-14",
      "3.5.2": "2017-04-05",
      "3.5.0": "2017-03-24",
      "3.4.0": "2017-01-12",
      "3.3.2": "2016-12-07",
      "3.3.1": "2016-11-03",
      "3.3.0": "2016-11-01",
      "3.2.3": "2016-08-17",
      "3.2.2": "2016-07-12",
      "3.2.1": "2016-07-04",
      "3.2.0": "2016-06-30",
      "3.1.10": "2016-05-19",
      "3.1.9": "2016-05-11",
      "3.1.8": "2016-05-11",
      "3.1.7": "2016-04-22",
      "3.1.6": "2016-04-11",
      "3.1.5": "2016-03-29",
      "3.1.4": "2016-03-21",
      "3.1.3": "2016-03-10",
      "3.1.2": "2016-03-01",
      "3.1.1": "2016-02-22",
      "3.0.2": "2016-01-25",
      "3.0.1": "2016-01-18",
      "3.0.0": "2016-01-11",
      "2.2.7": "2015-07-22",
      "2.2.6": "2015-07-15",
      "2.2.5": "2015-07-01",
      "2.2.4": "2015-06-17",
      "2.2.3": "2015-05-31",
      "2.2.2": "2015-04-29",
      "2.2.1": "2015-03-23"
    },
    "versions_tags": {
      "5.3.3": "5.3.3",
      "5.3.2": "5.3.2",
      "5.3.1": "5.3.1",
      "5.3.0": "5.3.0",
      "5.2.2": "5.2.2",
      "5.2.1": "5.2.1",
      "5.2.0": "5.2.0",
      "5.1.2": "5.1.2",
      "5.1.1": "5.1.1",
      "5.1.0": "5.1.0",
      "5.0.2": "5.0.2",
      "5.0.1": "5.0.1",
      "5.0.0": "5.0.0",
      "4.9.0": "4.9.0",
      "4.8.0": "4.8.0",
      "4.7.0": "4.7.0",
      "4.6.0": "4.6.0",
      "4.5.0": "4.5.0",
      "4.4.0": "4.4.0",
      "4.3.0": "4.3.0",
      "4.2.1": "4.2.1",
      "4.1.0": "4.1.0-release",
      "4.0.4": "4.0.4",
      "4.0.3": "4.0.3",
      "4.0.2": "4.0.2",
      "4.0.0": "4.0.0",
      "3.8.5": "3.8.5",
      "3.8.4": "3.8.4",
      "3.8.3": "3.8.3",
      "3.8.2": "3.8.2",
      "3.8.0": "3.8.0",
      "3.7.2": "3.7.2",
      "3.7.1": "3.7.1",
      "3.7.0": "3.7.0",
      "3.6.2": "3.6.2",
      "3.6.1": "3.6.1",
      "3.6.0": "3.6.0",
      "3.5.4": "3.5.4",
      "3.5.3": "3.5.3",
      "3.5.2": "3.5.2",
      "3.5.0": "3.5.0",
      "3.4.0": "3.4.0",
      "3.3.2": "3.3.2",
      "3.3.1": "3.3.1",
      "3.3.0": "3.3.0",
      "3.2.3": "3.2.3",
      "3.2.2": "3.2.2",
      "3.2.1": "3.2.1",
      "3.2.0": "3.2.0",
      "3.1.10": "3.1.10",
      "3.1.9": "3.1.9",
      "3.1.8": "3.1.8",
      "3.1.7": "3.1.7",
      "3.1.6": "3.1.6",
      "3.1.5": "3.1.5",
      "3.1.4": "3.1.4",
      "3.1.3": "3.1.3",
      "3.1.2": "3.1.2",
      "3.1.1": "3.1.1",
      "3.0.2": "3.0.2",
      "3.0.1": "3.0.1",
      "3.0.0": "3.0.0",
      "2.2.7": "2.2.7",
      "2.2.6": "2.2.6",
      "2.2.5": "2.2.5",
      "2.2.4": "2.2.4",
      "2.2.3": "2.2.3",
      "2.2.2": "2.2.2",
      "2.2.1": "2.2.1"
    },
    "package_manager": ""
  }