{
  "software": "elasticsearch",
  "platform_link": "https://github.com/elastic/Elasticsearch",
  "git_link": "https://github.com/elastic/Elasticsearch",
  "description": "Elasticsearchu662f\u5206\u5e03\u5f0f\u3001RESTful\u641c\u7d22\u548c\u5206\u6790\u5f15\u64ce\uff0c\u662fElastic Stack\u7684\u6838\u5fc3\u3002",
  "language": [
    "Java",
    "Groovy",
    "Shell",
    "ANTLR",
    "Batchfile",
    "Python"
  ],
  "version": [
    "v8.1.3",
    "v7.17.3",
    "v8.1.2",
    "v7.17.2",
    "v8.1.1",
    "v8.1.0",
    "v8.0.1",
    "v7.17.1",
    "v8.0.0",
    "v7.17.0",
    "v7.16.3",
    "v6.8.23",
    "v7.16.2",
    "v6.8.22",
    "v7.16.1",
    "v6.8.21",
    "v7.16.0",
    "v7.15.2",
    "v7.15.1",
    "v6.8.20",
    "v7.15.0",
    "v7.14.2",
    "v6.8.19",
    "v7.14.1",
    "v7.14.0",
    "v6.8.18",
    "v7.13.4",
    "v7.13.3",
    "v6.8.17",
    "v7.13.2",
    "v7.13.1",
    "v7.13.0",
    "v6.8.16",
    "v7.12.1",
    "v7.12.0",
    "v6.8.15",
    "v7.11.2",
    "v7.11.1",
    "v7.11.0",
    "v6.8.14",
    "v7.10.2",
    "v7.10.1",
    "v7.10.0",
    "v7.9.3",
    "v6.8.13",
    "v7.9.2",
    "v7.9.1",
    "v7.9.0",
    "v6.8.12",
    "v7.8.1",
    "v6.8.11",
    "v7.8.0",
    "v7.7.1",
    "v6.8.10",
    "v7.7.0",
    "v6.8.9",
    "v7.6.2",
    "v6.8.8",
    "v7.6.1",
    "v6.8.7",
    "v7.6.0",
    "v7.5.2",
    "v7.5.1",
    "v6.8.6",
    "v7.5.0",
    "v6.8.5",
    "v7.4.2",
    "v7.4.1",
    "v6.8.4",
    "v7.4.0",
    "v7.3.2",
    "v6.8.3",
    "v7.3.1",
    "v7.3.0",
    "v7.2.1",
    "v6.8.2",
    "v7.2.0",
    "v6.8.1"
  ],
  "versions_dates": {
    "Elasticsearch 8.1.3": "2022-04-20T14:39:14Z",
    "Elasticsearch 7.17.3": "2022-04-20T14:39:14Z",
    "Elasticsearch 8.1.2": "2022-04-20T14:39:14Z",
    "Elasticsearch 7.17.2": "2022-04-20T14:39:14Z",
    "Elasticsearch 8.1.1": "2022-04-20T14:39:14Z",
    "Elasticsearch 8.1.0": "2022-04-20T14:39:14Z",
    "Elasticsearch 8.0.1": "2022-04-20T14:39:14Z",
    "Elasticsearch 7.17.1": "2022-04-20T14:39:14Z",
    "Elasticsearch 8.0.0": "2022-04-20T14:39:14Z",
    "Elasticsearch 7.17.0": "2022-02-01T15:50:40Z",
    "Elasticsearch 7.16.3": "2022-02-01T15:50:40Z",
    "Elasticsearch 6.8.23": "2022-02-01T15:50:40Z",
    "Elasticsearch 7.16.2": "2022-02-01T15:50:40Z",
    "Elasticsearch 6.8.22": "2022-02-01T15:50:40Z",
    "Elasticsearch 7.16.1": "2022-02-01T15:50:40Z",
    "Elasticsearch 6.8.21": "2022-02-01T15:50:40Z",
    "Elasticsearch 7.16.0": "2022-02-01T15:50:40Z",
    "Elasticsearch 7.15.2": "2022-02-01T15:50:40Z",
    "Elasticsearch 7.15.1": "2021-10-14T15:35:17Z",
    "Elasticsearch 6.8.20": "2021-10-14T15:35:17Z",
    "Elasticsearch 7.15.0": "2021-10-14T15:35:17Z",
    "Elasticsearch 7.14.2": "2021-10-14T15:35:17Z",
    "Elasticsearch 6.8.19": "2021-10-14T15:35:17Z",
    "Elasticsearch 7.14.1": "2021-10-14T15:35:17Z",
    "Elasticsearch 7.14.0": "2021-10-14T15:35:17Z",
    "Elasticsearch 6.8.18": "2021-08-03T13:36:23Z",
    "Elasticsearch 7.13.4": "2021-08-03T13:36:23Z",
    "Elasticsearch 7.13.3": "2021-08-03T13:36:23Z",
    "Elasticsearch 6.8.17": "2021-08-03T13:36:23Z",
    "Elasticsearch 7.13.2": "2021-08-03T13:36:23Z",
    "Elasticsearch 7.13.1": "2021-08-03T13:36:23Z",
    "Elasticsearch 7.13.0": "2021-08-03T13:36:23Z",
    "Elasticsearch 6.8.16": "2021-08-03T13:36:23Z",
    "Elasticsearch 7.12.1": "2021-08-03T13:36:23Z",
    "Elasticsearch 7.12.0": "2021-08-03T13:36:23Z",
    "Elasticsearch 6.8.15": "2021-03-23T15:14:57Z",
    "Elasticsearch 7.11.2": "2021-03-23T15:14:57Z",
    "Elasticsearch 7.11.1": "2021-03-23T15:14:57Z",
    "Elasticsearch 7.11.0": "2021-03-23T15:14:57Z",
    "Elasticsearch 6.8.14": "2021-03-23T15:14:57Z",
    "Elasticsearch 7.10.2": "2021-03-23T15:14:57Z",
    "Elasticsearch 7.10.1": "2021-03-23T15:14:57Z",
    "Elasticsearch 7.10.0": "2021-03-23T15:14:57Z",
    "Elasticsearch 7.9.3": "2021-03-23T15:14:57Z",
    "Elasticsearch 6.8.13": "2021-03-23T15:14:57Z",
    "Elasticsearch 7.9.2": "2020-09-24T14:18:25Z",
    "Elasticsearch 7.9.1": "2020-09-24T14:18:25Z",
    "Elasticsearch 7.9.0": "2020-09-24T14:18:25Z",
    "Elasticsearch 6.8.12": "2020-09-24T14:18:25Z",
    "Elasticsearch 7.8.1": "2020-09-24T14:18:25Z",
    "Elasticsearch 6.8.11": "2020-09-24T14:18:25Z",
    "Elasticsearch 7.8.0": "2020-09-24T14:18:25Z",
    "Elasticsearch 7.7.1": "2020-09-24T14:18:25Z",
    "Elasticsearch 6.8.10": "2020-09-24T14:18:25Z",
    "Elasticsearch 7.7.0": "2020-09-24T14:18:25Z",
    "Elasticsearch 6.8.9": "2020-05-13T14:55:16Z",
    "Elasticsearch 7.6.2": "2020-05-13T14:55:16Z",
    "Elasticsearch 6.8.8": "2020-05-13T14:55:16Z",
    "Elasticsearch 7.6.1": "2020-05-13T14:55:16Z",
    "Elasticsearch 6.8.7": "2020-05-13T14:55:16Z",
    "Elasticsearch 7.6.0": "2020-05-13T14:55:16Z",
    "Elasticsearch 7.5.2": "2020-05-13T14:55:16Z",
    "Elasticsearch 7.5.1": "2020-05-13T14:55:16Z",
    "Elasticsearch 6.8.6": "2020-05-13T14:55:16Z",
    "Elasticsearch 7.5.0": "2020-05-13T14:55:16Z",
    "Elasticsearch 6.8.5": "2019-11-20T16:57:19Z",
    "Elasticsearch 7.4.2": "2019-11-20T16:57:19Z",
    "Elasticsearch 7.4.1": "2019-11-20T16:57:19Z",
    "Elasticsearch 6.8.4": "2019-11-20T16:57:19Z",
    "Elasticsearch 7.4.0": "2019-11-20T16:57:19Z",
    "Elasticsearch 7.3.2": "2019-11-20T16:57:19Z",
    "Elasticsearch 6.8.3": "2019-11-20T16:57:19Z",
    "Elasticsearch 7.3.1": "2019-11-20T16:57:19Z",
    "Elasticsearch 7.3.0": "2019-11-20T16:57:19Z",
    "Elasticsearch 7.2.1": "2019-11-20T16:57:19Z",
    "Elasticsearch 6.8.2": "2019-07-30T16:25:50Z",
    "Elasticsearch 7.2.0": "2019-07-30T16:25:50Z",
    "Elasticsearch 6.8.1": "2019-07-30T16:25:50Z"
  },
  "package_manager": "gradle"
}