{
  "software": "Flink",
  "platform_link": "https://issues.apache.org/jira/projects/FLINK",
  "git_link": "https://github.com/apache/flink",
  "description": "Flink\u662f\u7531Apache\u8f6f\u4ef6\u57fa\u91d1\u4f1a\u5f00\u53d1\u7684\u5f00\u6e90\u6d41\u5904\u7406\u6846\u67b6\uff0c\u5176\u6838\u5fc3\u662f\u7528Java\u548cScala\u7f16\u5199\u7684\u5206\u5e03\u5f0f\u6d41\u6570\u636e\u6d41\u5f15\u64ce\u3002Flink\u4ee5\u6570\u636e\u5e76\u884c\u548c\u7ba1\u9053\u65b9\u5f0f\u6267\u884c\u4efb\u610f\u6d41\u6570\u636e\u7a0b\u5e8f\uff0cFlink\u7684\u6d41\u6c34\u7ebf\u8fd0\u884c\u65f6\u7cfb\u7edf\u53ef\u4ee5\u6267\u884c\u6279\u5904\u7406\u548c\u6d41\u5904\u7406\u7a0b\u5e8f\u3002\u6b64\u5916\uff0cFlink\u7684\u8fd0\u884c\u65f6\u672c\u8eab\u4e5f\u652f\u6301\u8fed\u4ee3\u7b97\u6cd5\u7684\u6267\u884c\u3002",
  "language": [
    "Java",
    "Scala",
    "Python",
    "Shell",
    "TypeScript",
    "HTML",
    "Other"
  ],
  "version": [
    "release-1.14.4",
    "release-1.14.3",
    "release-1.13.6",
    "release-1.14.2",
    "release-1.13.5",
    "release-1.12.7",
    "release-1.11.6",
    "release-1.13.3",
    "release-1.13.2",
    "release-1.12.5",
    "release-1.12.4",
    "release-1.13.1",
    "release-1.12.3",
    "release-1.14.0",
    "release-1.13.0",
    "release-1.12.2",
    "release-1.12.1",
    "release-1.12.0",
    "release-1.11.4",
    "release-1.11.3",
    "release-1.11.2",
    "release-1.11.1",
    "release-1.11.0",
    "release-1.10.3",
    "release-1.10.2",
    "release-1.10.1",
    "release-1.10.0",
    "release-1.9.3",
    "release-1.9.2",
    "release-1.9.1",
    "release-1.9.0",
    "release-1.8.3",
    "release-1.8.2",
    "release-1.8.1",
    "release-1.8.0",
    "release-1.7.2",
    "release-1.6.4",
    "release-1.6.3"
  ],
  "versions_dates": {
    "kubernetes-operator-0.1.0": "02/Apr/22",
    "1.14.4": "11/Mar/22",
    "statefun-3.1.1": "21/Dec/21",
    "ml-2.0.0": "07/Jan/22",
    "1.14.3": "17/Jan/22",
    "1.13.6": "16/Feb/22",
    "1.14.2": "16/Dec/21",
    "1.13.5": "16/Dec/21",
    "1.12.7": "16/Dec/21",
    "1.11.6": "16/Dec/21",
    "shaded-15.0": "21/Jan/22",
    "statefun-3.2.0": "31/Jan/22",
    "shaded-14.0": "21/Jul/21",
    "1.13.3": "19/Oct/21",
    "1.13.2": "05/Aug/21",
    "1.12.5": "02/Aug/21",
    "1.12.4": "20/May/21",
    "1.13.1": "28/May/21",
    "1.12.3": "29/Apr/21",
    "statefun-3.1.0": "31/Aug/21",
    "statefun-3.0.0": "08/Apr/21",
    "statefun-2.2.2": "31/Dec/20",
    "statefun-2.2.1": "10/Nov/20",
    "statefun-2.2.0": "27/Sep/20",
    "statefun-2.1.0": "08/Jun/20",
    "statefun-2.0.0": "07/Apr/20",
    "1.14.0": "28/Sep/21",
    "1.13.0": "29/Apr/21",
    "1.12.2": "03/Mar/21",
    "1.12.1": "19/Jan/21",
    "1.12.0": "08/Dec/20",
    "1.11.4": "06/Aug/21",
    "1.11.3": "17/Dec/20",
    "1.11.2": "15/Sep/20",
    "1.11.1": "21/Jul/20",
    "1.11.0": "07/Jul/20",
    "1.10.3": "29/Jan/21",
    "1.10.2": "21/Aug/20",
    "1.10.1": "12/May/20",
    "1.10.0": "11/Feb/20",
    "1.9.3": "24/Apr/20",
    "1.9.2": "30/Jan/20",
    "1.9.1": "19/Oct/19",
    "1.9.0": "22/Aug/19",
    "1.8.3": "11/Dec/19",
    "1.8.2": "12/Sep/19",
    "1.8.1": "02/Jul/19",
    "1.8.0": "09/Apr/19",
    "1.7.2": "15/Feb/19",
    "1.6.4": "22/Feb/19",
    "1.6.3": "22/Dec/18",
    "shaded-13.0": "06/Apr/21",
    "shaded-12.0": "05/Oct/20",
    "shaded-11.0": "29/May/20",
    "shaded-10.0": "17/Feb/20",
    "shaded-9.0": "23/Nov/19",
    "shaded-8.0": "28/Aug/19",
    "shaded-7.0": "30/May/19"
  },
  "package_manager": "maven"
}