{
  "software": "Hive",
  "platform_link": "https://issues.apache.org/jira/projects/HIVE",
  "git_link": "https://github.com/apache/hive",
  "description": "Hive\u662f\u57fa\u4e8eHadoop\u7684\u4e00\u4e2a\u6570\u636e\u4ed3\u5e93\u5de5\u5177\uff0c\u53ef\u4ee5\u5c06\u7ed3\u6784\u5316\u7684\u6570\u636e\u6587\u4ef6\u6620\u5c04\u4e3a\u4e00\u5f20\u6570\u636e\u5e93\u8868\uff0c\u5e76\u63d0\u4f9b\u7b80\u5355\u7684SQL\u67e5\u8be2\u529f\u80fd\uff0c\u53ef\u4ee5\u5c06SQL\u8bed\u53e5\u8f6c\u6362\u4e3aMapReduce\u4efb\u52a1\u8fdb\u884c\u8fd0\u884c\u3002\u5176\u4f18\u70b9\u662f\u5b66\u4e60\u6210\u672c\u4f4e\uff0c\u53ef\u4ee5\u901a\u8fc7\u7c7bSQL\u8bed\u53e5\u5feb\u901f\u5b9e\u73b0\u7b80\u5355\u7684MapReduce\u7edf\u8ba1\uff0c\u4e0d\u5fc5\u5f00\u53d1\u4e13\u95e8\u7684MapReduce\u5e94\u7528\uff0c\u5341\u5206\u9002\u5408\u6570\u636e\u4ed3\u5e93\u7684\u7edf\u8ba1\u5206\u6790\u3002",
  "language": [
    "Java",
    "HiveQL",
    "Python",
    "Perl",
    "PLpgSQL",
    "Shell",
    "Other"
  ],
  "version": [
    "rel/release-3.1.3",
    "rel/release-3.1.2",
    "rel/release-3.1.1",
    "rel/release-3.0.0",
    "rel/release-2.4.0",
    "rel/release-2.3.8",
    "rel/release-2.3.7",
    "rel/release-3.1.0",
    "rel/release-2.3.6",
    "rel/release-2.3.5",
    "rel/release-2.3.4",
    "rel/release-2.3.3",
    "rel/release-2.3.2",
    "rel/release-2.3.1",
    "rel/release-2.3.0",
    "rel/release-2.2.0",
    "rel/release-2.1.1",
    "rel/release-2.1.0",
    "release-2.0.1",
    "release-2.0.0",
    "rel/release-1.2.2",
    "release-1.2.1",
    "release-1.2.0",
    "release-1.1.1",
    "release-1.1.0",
    "release-1.0.1",
    "release-1.0.0"
  ],
  "versions_dates": {
    "3.1.3": "09/Apr/22",
    "3.1.2": "26/Aug/19",
    "3.1.1": "01/Nov/18",
    "3.0.0": "21/May/18",
    "2.4.0": "13/Jul/17",
    "2.3.8": "15/Jan/21",
    "2.3.7": "18/Apr/20",
    "3.1.0": "30/Jul/18",
    "2.3.6": "23/Aug/19",
    "2.3.5": "14/May/19",
    "2.3.4": "07/Nov/18",
    "2.3.3": "03/Apr/18",
    "2.3.2": "13/Nov/17",
    "2.3.1": "24/Oct/17",
    "2.3.0": "18/Jul/17",
    "2.2.0": "25/Jul/17",
    "2.1.1": "08/Dec/16",
    "2.1.0": "20/Jun/16",
    "2.0.1": "25/May/16",
    "2.0.0": "15/Feb/16",
    "1.2.2": "06/Apr/17",
    "1.2.1": "26/Jun/15",
    "1.2.0": "18/May/15",
    "1.1.1": "20/May/15",
    "1.1.0": "07/Mar/15",
    "1.0.1": "20/May/15",
    "1.0.0": "04/Feb/15",
    "storage-2.7.2": "24/Mar/20",
    "storage-2.7.1": "30/Nov/19",
    "storage-2.7.0": "12/Jul/18",
    "storage-2.5.0": "21/Mar/18",
    "storage-2.2.1": "16/Feb/17",
    "storage-2.2.0": "12/Jan/17",
    "0.14.0": "12/Nov/14",
    "0.13.1": "06/Jun/14",
    "0.13.0": "21/Apr/14",
    "0.12.0": "15/Oct/13",
    "0.11.0": "15/May/13",
    "0.10.0": "11/Jan/13",
    "0.9.0": "30/Apr/12",
    "0.8.1": "06/Feb/12",
    "0.8.0": "16/Dec/11",
    "0.7.1": "21/Jun/11",
    "0.7.0": "29/Mar/11",
    "0.6.0": "29/Oct/10",
    "0.5.0": "23/Feb/10",
    "0.4.1": "17/Dec/09",
    "0.4.0": "12/Oct/09",
    "0.3.0": "30/Apr/09"
  },
  "package_manager": "maven"
}