{
  "software": "Kylin",
  "platform_link": "https://issues.apache.org/jira/projects/KYLIN",
  "git_link": "https://github.com/apache/Kylin",
  "description": "Kylin \u662f\u4e00\u4e2a\u5f00\u6e90\u7684\u3001\u5206\u5e03\u5f0f\u7684\u5206\u6790\u578b\u6570\u636e\u4ed3\u5e93\uff0c\u63d0\u4f9bHadoop/Spark \u4e4b\u4e0a\u7684 SQL \u67e5\u8be2\u63a5\u53e3\u53ca\u591a\u7ef4\u5206\u6790\uff08OLAP\uff09\u80fd\u529b\u4ee5\u652f\u6301\u8d85\u5927\u89c4\u6a21\u6570\u636e\uff0c\u6700\u521d\u7531 eBay \u5f00\u53d1\u5e76\u8d21\u732e\u81f3\u5f00\u6e90\u793e\u533a\u3002\u5b83\u80fd\u5728\u4e9a\u79d2\u5185\u67e5\u8be2\u5de8\u5927\u7684\u8868\u3002",
  "language": [
    "Java",
    "JavaScript",
    "Inno Setup",
    "Scala",
    "C++",
    "HTML",
    "Other"
  ],
  "version": [
    "kylin-4.0.1",
    "kylin-3.1.3",
    "kylin-4.0.0",
    "kylin-3.1.2",
    "kylin-3.1.1",
    "kylin-2.6.6",
    "kylin-3.0.2",
    "kylin-3.0.1",
    "kylin-3.1.0",
    "kylin-2.6.5",
    "kylin-2.6.4",
    "kylin-2.6.3",
    "kylin-2.6.2",
    "kylin-3.0.0",
    "kylin-2.6.1",
    "kylin-2.5.2",
    "kylin-2.5.1",
    "kylin-2.6.0",
    "kylin-2.5.0",
    "kylin-2.4.1",
    "kylin-2.3.2",
    "kylin-2.4.0",
    "kylin-2.3.1",
    "kylin-2.3.0",
    "kylin-2.2.0",
    "kylin-2.1.0",
    "kylin-2.0.0"
  ],
  "versions_dates": {
    "v4.0.1": "05/Jan/22",
    "v3.1.3": "05/Jan/22",
    "v4.0.0": "30/Aug/21",
    "v3.1.2": "26/Apr/21",
    "v4.0.0-beta": "07/Jan/21",
    "v3.1.1": "18/Oct/20",
    "v4.0.0-alpha": "13/Sep/20",
    "v2.6.6": "20/May/20",
    "v3.0.2": "20/May/20",
    "v3.0.1": "14/Feb/20",
    "v3.1.0": "03/Jul/20",
    "v2.6.5": "14/Feb/20",
    "v2.6.4": "12/Oct/19",
    "v3.0.0-alpha2": "30/Jul/19",
    "v3.0.0-beta": "25/Oct/19",
    "v2.6.3": "06/Jul/19",
    "v3.0.0-alpha": "12/Apr/19",
    "v2.6.2": "18/May/19",
    "v3.0.0": "20/Dec/19",
    "v2.6.1": "08/Mar/19",
    "v2.5.2": "04/Dec/18",
    "v2.5.1": "06/Nov/18",
    "v2.6.0": "12/Jan/19",
    "v2.5.0": "16/Sep/18",
    "v2.4.1": "10/Sep/18",
    "v2.3.2": "08/Jul/18",
    "v2.4.0": "23/Jun/18",
    "v2.3.1": "28/Mar/18",
    "v2.3.0": "04/Mar/18",
    "v2.2.0": "03/Nov/17",
    "v2.1.0": "17/Aug/17",
    "v2.0.0": "30/Apr/17"
  },
  "package_manager": "maven"
}