{
    "software": "nifi",
    "vendor": "apache",
    "platform_link": "https://issues.apache.org/jira/projects/NIFI",
    "git_link": "https://github.com/apache/nifi",
    "description": "Apache NiFi 是一个易于使用、功能强大而且可靠的数据拉取、数据处理和分发系统，用于自动化管理系统间的数据流。",
    "component_label": "无",
    "severity_label": "无",
    "version_label": "无",
    "language": [
      "Java",
      "JavaScript",
      "Groovy",
      "HTML",
      "CSS",
      "Shell",
      "Other"
    ],
    "version": [
      "1.16.3",
      "1.16.2",
      "1.16.1",
      "1.17.0",
      "1.15.3",
      "1.15.2",
      "1.15.1",
      "nifi-nar-maven-plugin-1.3.4",
      "1.16.0",
      "1.15.0",
      "1.13.2",
      "1.13.1",
      "1.14.0",
      "1.12.1",
      "1.13.0",
      "1.11.4",
      "1.11.3",
      "1.11.2",
      "1.11.1",
      "1.12.0",
      "1.11.0",
      "nifi-nar-maven-plugin-1.3.2",
      "nifi-nar-maven-plugin-1.3.1",
      "1.9.2",
      "1.9.1",
      "1.10.0",
      "1.9.0",
      "1.7.1",
      "1.8.0",
      "1.7.0",
      "1.6.0",
      "1.5.0",
      "nifi-nar-maven-plugin-1.3.3",
      "0.7.4",
      "1.4.0",
      "1.3.0",
      "nifi-nar-maven-plugin-1.3.0",
      "1.0.1",
      "1.1.1",
      "1.2.0",
      "0.7.1",
      "1.1.0",
      "0.6.1",
      "0.7.0",
      "0.5.1",
      "0.4.1",
      "0.6.0",
      "0.5.0",
      "nifi-nar-maven-plugin-1.1.0",
      "0.2.1",
      "0.0.1",
      "0.0.2",
      "0.1.0",
      "0.2.0",
      "0.3.0",
      "0.4.0",
      "1.0.0"
    ],
    "versions_dates": {
      "1.16.3": "2022-06-14",
      "1.16.2": "2022-05-25",
      "1.16.1": "2022-04-29",
      "1.17.0": "2022-08-01",
      "1.15.3": "2022-01-18",
      "1.15.2": "2021-12-22",
      "1.15.1": "2021-12-15",
      "nifi-nar-maven-plugin-1.3.4": "2022-06-20",
      "1.13.2": "2021-03-19",
      "1.13.1": "2021-03-15",
      "1.14.0": "2021-07-14",
      "1.12.1": "2020-09-28",
      "1.13.0": "2021-02-15",
      "1.11.4": "2020-03-22",
      "1.11.3": "2020-02-25",
      "1.11.2": "2020-02-19",
      "1.11.1": "2020-02-03",
      "1.12.0": "2020-08-18",
      "1.11.0": "2020-01-22",
      "nifi-nar-maven-plugin-1.3.2": "2020-09-23",
      "nifi-nar-maven-plugin-1.3.1": "2019-05-13",
      "1.9.2": "2019-04-08",
      "1.9.1": "2019-03-17",
      "1.10.0": "2019-11-04",
      "1.9.0": "2019-02-19",
      "1.7.1": "2018-07-16",
      "1.8.0": "2018-10-26",
      "1.7.0": "2018-06-25",
      "1.6.0": "2018-04-06",
      "1.5.0": "2018-01-12",
      "nifi-nar-maven-plugin-1.3.3": "2021-12-03",
      "0.7.4": "2017-06-08",
      "1.4.0": "2017-10-02",
      "1.3.0": "2017-06-08",
      "nifi-nar-maven-plugin-1.3.0": "2019-05-03",
      "1.0.1": "2016-12-19",
      "1.1.1": "2016-12-22",
      "1.2.0": "2017-05-08",
      "0.7.1": "2016-10-18",
      "1.1.0": "2016-11-29",
      "0.6.1": "2016-04-15",
      "0.7.0": "2016-07-12",
      "0.5.1": "2016-02-26",
      "0.4.1": "2015-12-22",
      "0.6.0": "2016-03-26",
      "0.5.0": "2016-02-16",
      "nifi-nar-maven-plugin-1.1.0": "2015-08-23",
      "0.2.1": "2015-07-27",
      "0.0.1": "2015-01-29",
      "0.0.2": "2015-03-15",
      "0.1.0": "2015-05-06",
      "0.2.0": "2015-07-16",
      "0.3.0": "2015-09-18",
      "0.4.0": "2015-12-11",
      "1.0.0": "2016-08-31"
    },
    "versions_tags": {
      "1.16.3": "rel/nifi-1.16.3",
      "1.16.2": "rel/nifi-1.16.2",
      "1.16.1": "rel/nifi-1.16.1",
      "1.17.0": "rel/nifi-1.17.0",
      "1.15.3": "rel/nifi-1.15.3",
      "1.15.2": "rel/nifi-1.15.2",
      "1.15.1": "rel/nifi-1.15.1",
      "nifi-nar-maven-plugin-1.3.4": "",
      "1.16.0": "rel/nifi-1.16.0",
      "1.15.0": "rel/nifi-1.15.0",
      "1.13.2": "rel/nifi-1.13.2",
      "1.13.1": "rel/nifi-1.13.1",
      "1.14.0": "rel/nifi-1.14.0",
      "1.12.1": "rel/nifi-1.12.1",
      "1.13.0": "rel/nifi-1.13.0",
      "1.11.4": "rel/nifi-1.11.4",
      "1.11.3": "rel/nifi-1.11.3",
      "1.11.2": "rel/nifi-1.11.2",
      "1.11.1": "rel/nifi-1.11.1",
      "1.12.0": "rel/nifi-1.12.0",
      "1.11.0": "rel/nifi-1.11.0",
      "nifi-nar-maven-plugin-1.3.2": "",
      "nifi-nar-maven-plugin-1.3.1": "",
      "1.9.2": "rel/nifi-1.9.2",
      "1.9.1": "rel/nifi-1.9.1",
      "1.10.0": "rel/nifi-1.10.0",
      "1.9.0": "rel/nifi-1.9.0",
      "1.7.1": "rel/nifi-1.7.1",
      "1.8.0": "rel/nifi-1.8.0",
      "1.7.0": "rel/nifi-1.7.0",
      "1.6.0": "rel/nifi-1.6.0",
      "1.5.0": "rel/nifi-1.5.0",
      "nifi-nar-maven-plugin-1.3.3": "",
      "0.7.4": "rel/nifi-0.7.4",
      "1.4.0": "rel/nifi-1.4.0",
      "1.3.0": "rel/nifi-1.3.0",
      "nifi-nar-maven-plugin-1.3.0": "rel/nifi-1.3.0",
      "1.0.1": "rel/nifi-1.0.1",
      "1.1.1": "rel/nifi-1.1.1",
      "1.2.0": "rel/nifi-1.2.0",
      "0.7.1": "rel/nifi-0.7.1",
      "1.1.0": "rel/nifi-1.1.0",
      "0.6.1": "rel/nifi-0.6.1",
      "0.7.0": "rel/nifi-0.7.0",
      "0.5.1": "nifi-0.5.1",
      "0.4.1": "nifi-0.4.1",
      "0.6.0": "nifi-0.6.0",
      "0.5.0": "nifi-0.5.0",
      "nifi-nar-maven-plugin-1.1.0": "rel/nifi-1.1.0",
      "0.2.1": "",
      "0.0.1": "",
      "0.0.2": "",
      "0.1.0": "",
      "0.2.0": "",
      "0.3.0": "",
      "0.4.0": "nifi-0.4.0",
      "1.0.0": "rel/nifi-1.0.0"
    },
    "package_manager": "maven"
  }