{
  "software": "OpenTSDB",
  "platform_link": "https://github.com/OpenTSDB/opentsdb",
  "git_link": "https://github.com/OpenTSDB/opentsdb",
  "description": "OpenTSDB\u662f\u4e00\u4e2a\u5206\u5e03\u5f0f\u7684\u3001\u53ef\u6269\u5c55\u7684\u65f6\u95f4\u5e8f\u5217\u6570\u636e\u5e93\uff08TSDB\uff09\uff0c\u5b83\n\u5199\u5728HBase\u4e4b\u4e0a\u3002 \u7f16\u5199OpenTSDB\u662f\u4e3a\u4e86\u89e3\u51b3\u4e00\u4e2a\u5171\u540c\u7684\u9700\u6c42\uff1a\u50a8\u5b58\u3001\u7d22\u5f15\u548c\u63d0\u4f9b\u4ece\u8ba1\u7b97\u673a\u7cfb\u7edf\uff08\u7f51\u7edc\u8bbe\u5907\u3001\u64cd\u4f5c\u7cfb\u7edf\u3001\u5e94\u7528\u7a0b\u5e8f\uff09\u5927\u89c4\u6a21\u6536\u96c6\u7684\u6307\u6807\uff0c\u5e76\u4f7f\u8fd9\u4e9b\u6570\u636e\u6613\u4e8e\u8bbf\u95ee\n\u548c\u56fe\u5f62\u5316\u3002",
  "language": [
    "Java",
    "Python",
    "Makefile",
    "Shell",
    "M4",
    "Dockerfile"
  ],
  "version": [
    "v2.4.1",
    "v2.4.0",
    "v2.3.2",
    "v2.3.1",
    "v2.3.0",
    "v2.2.2",
    "v2.2.1",
    "v2.2.0",
    "v2.1.4",
    "v2.1.3",
    "v2.1.2",
    "v2.1.1",
    "v2.1.0",
    "v2.0.1",
    "v2.0.0"
  ],
  "versions_dates": {
    "OpenTSDB 2.4.1": "2021-09-02T22:28:30Z",
    "OpenTSDB 2.4.0": "2021-09-02T22:28:30Z",
    "OpenTSDB 2.3.2": "2021-09-02T22:28:30Z",
    "OpenTSDB 2.3.1": "2021-09-02T22:28:30Z",
    "OpenTSDB 2.3.0": "2021-09-02T22:28:30Z",
    "OpenTSDB 2.2.2": "2021-09-02T22:28:30Z",
    "OpenTSDB 2.2.1": "2021-09-02T22:28:30Z",
    "OpenTSDB 2.2.0": "2016-02-15T01:45:12Z",
    "OpenTSDB 2.1.4": "2016-02-15T01:45:12Z",
    "OpenTSDB 2.1.3": "2016-02-15T01:45:12Z",
    "OpenTSDB 2.1.2": "2016-02-15T01:45:12Z",
    "OpenTSDB 2.1.1": "2016-02-15T01:45:12Z",
    "OpenTSDB 2.1.0": "2016-02-15T01:45:12Z",
    "OpenTSDB 2.0.1": "2014-11-09T23:31:30Z",
    "OpenTSDB 2.0.0": "2014-11-09T23:31:30Z"
  },
  "package_manager": "maven"
}