{
  "software": "Pinpoint",
  "platform_link": "https://github.com/pinpoint-apm/pinpoint",
  "git_link": "https://github.com/pinpoint-apm/pinpoint",
  "description": "Pinpoint\u662f\u4e00\u4e2a\u7528Java/PHP/PYTHON\u7f16\u5199\u7684\u7528\u4e8e\u5927\u89c4\u6a21\u5206\u5e03\u5f0f\u7cfb\u7edf\u7684APM\uff08\u5e94\u7528\u6027\u80fd\u7ba1\u7406\uff09\u5de5\u5177\u3002\u53d7Dapper\u7684\u542f\u53d1\uff0cPinpoint\u63d0\u4f9b\u4e86\u4e00\u4e2a\u89e3\u51b3\u65b9\u6848\uff0c\u901a\u8fc7\u8ddf\u8e2a\u5206\u5e03\u5f0f\u5e94\u7528\u4e2d\u7684\u4e8b\u52a1\uff0c\u5e2e\u52a9\u5206\u6790\u7cfb\u7edf\u7684\u6574\u4f53\u7ed3\u6784\u4ee5\u53ca\u5176\u4e2d\u7684\u7ec4\u4ef6\u662f\u5982\u4f55\u76f8\u4e92\u8fde\u63a5\u7684\u3002",
  "language": [
    "Java",
    "TypeScript",
    "CSS",
    "HTML",
    "Thrift",
    "Shell"
  ],
  "version": [
    "v2.3.3",
    "v2.3.2",
    "v2.3.1",
    "v2.3.0",
    "v2.2.2",
    "v2.2.1",
    "v2.2.0",
    "v2.1.2",
    "v2.1.1",
    "v2.1.0",
    "v2.0.4",
    "v2.0.3",
    "v2.0.2",
    "v2.0.1",
    "v2.0.0",
    "1.8.5",
    "1.8.4",
    "1.8.3",
    "1.8.2",
    "1.8.1",
    "1.8.0",
    "1.7.3",
    "1.7.2",
    "1.7.1",
    "1.7.0",
    "1.6.2",
    "1.6.1",
    "1.6.0",
    "1.5.2",
    "1.5.1",
    "1.5.0",
    "1.1.2",
    "1.1.1",
    "1.1.0"
  ],
  "versions_dates": {
    "v2.3.3": "2021-12-22T04:36:48Z",
    "2.3.2 release notes": "2021-12-22T04:36:48Z",
    "2.3.1 release notes": "2021-12-22T04:36:48Z",
    "2.3.0 release notes": "2021-12-22T04:36:48Z",
    "2.2.2 release notes": "2021-12-22T04:36:48Z",
    "2.2.1 release notes": "2021-12-22T04:36:48Z",
    "2.2.0 release notes": "2021-12-22T04:36:48Z",
    "2.1.2 release notes": "2021-12-22T04:36:48Z",
    "2.1.1 release notes": "2021-12-22T04:36:48Z",
    "2.1.0 release notes": "2021-12-22T04:36:48Z",
    "2.0.4 release notes": "2020-07-22T03:10:33Z",
    "2.0.3 release notes": "2020-07-22T03:10:33Z",
    "2.0.2 release notes": "2020-07-22T03:10:33Z",
    "2.0.1 release notes": "2020-07-22T03:10:33Z",
    "2.0.0 release notes": "2020-07-22T03:10:33Z",
    "1.8.5 release notes": "2020-07-22T03:10:33Z",
    "1.8.4 release notes": "2020-07-22T03:10:33Z",
    "1.8.3 release notes": "2019-03-27T06:01:22Z",
    "1.8.2 release notes": "2019-03-27T06:01:22Z",
    "1.8.2-RC1 release notes": "2019-03-27T06:01:22Z",
    "1.8.1 release notes": "2019-03-27T06:01:22Z",
    "1.8.1-RC1 release notes": "2019-03-27T06:01:22Z",
    "1.8.0 release notes": "2019-03-27T06:01:22Z",
    "1.8.0-RC1 release notes": "2019-03-27T06:01:22Z",
    "1.7.3 release notes": "2019-03-27T06:01:22Z",
    "1.7.2 release notes": "2019-03-27T06:01:22Z",
    "1.7.1 release notes": "2018-01-04T07:59:12Z",
    "1.7.0 release notes": "2018-01-04T07:59:12Z",
    "1.7.0-RC2 release notes": "2018-01-04T07:59:12Z",
    "1.7.0-RC1 release notes": "2018-01-04T07:59:12Z",
    "1.6.2 release note": "2018-01-04T07:59:12Z",
    "1.6.1 release note": "2018-01-04T07:59:12Z",
    "1.6.1-RC2 release note": "2018-01-04T07:59:12Z",
    "1.6.1-RC1 release note": "2018-01-04T07:59:12Z",
    "1.6.0 release note": "2018-01-04T07:59:12Z",
    "1.5.2 release note": "2016-04-08T05:16:32Z",
    "1.5.1 release note": "2016-04-08T05:16:32Z",
    "1.5.0 release note": "2016-04-08T05:16:32Z",
    "1.1.2 release note": "2016-04-08T05:16:32Z",
    "1.1.1 release note": "2016-04-08T05:16:32Z",
    "1.1.0 release note": "2016-04-08T05:16:32Z"
  },
  "package_manager": "maven"
}