{
  "software": "Presto",
  "platform_link": "https://github.com/prestodb/presto/issues",
  "git_link": "https://github.com/prestodb/presto",
  "description": "Presto\u662f\u4e00\u79cd\u7528\u4e8e\u5927\u6570\u636e\u7684\u9ad8\u6027\u80fd\u5206\u5e03\u5f0fSQL\u67e5\u8be2\u5f15\u64ce\u3002\u5176\u67b6\u6784\u5141\u8bb8\u7528\u6237\u67e5\u8be2\u5404\u79cd\u6570\u636e\u6e90\uff0c\u5982Hadoop\u3001AWS S3\u3001Alluxio\u3001MySQL\u3001Cassandra\u3001Kafka\u548cMongoDB\u3002\u751a\u81f3\u53ef\u4ee5\u5728\u5355\u4e2a\u67e5\u8be2\u4e2d\u67e5\u8be2\u6765\u81ea\u591a\u4e2a\u6570\u636e\u6e90\u7684\u6570\u636e\u3002Presto\u662fApache\u8bb8\u53ef\u8bc1\u4e0b\u53d1\u5e03\u7684\u793e\u533a\u9a71\u52a8\u7684\u5f00\u6e90\u8f6f\u4ef6\u3002",
  "language": [
    "Java",
    "C++",
    "JavaScript",
    "Roff",
    "Shell",
    "Python",
    "Other"
  ],
  "version": [
    "0.272",
    "0.271",
    "0.270",
    "0.269",
    "0.268",
    "0.267",
    "0.266",
    "0.265",
    "0.264",
    "0.263",
    "0.262",
    "0.261",
    "0.260",
    "0.259",
    "0.258",
    "0.257",
    "0.256",
    "0.255",
    "0.254",
    "0.253",
    "0.252",
    "0.251",
    "0.250",
    "0.249",
    "0.248",
    "0.247",
    "0.246",
    "0.245",
    "0.244",
    "0.243",
    "0.242",
    "0.241",
    "0.240",
    "0.239",
    "0.238",
    "0.237",
    "0.236",
    "0.235",
    "0.234",
    "0.233",
    "0.232",
    "0.231",
    "0.230",
    "0.229",
    "0.228",
    "0.227",
    "0.226",
    "0.225",
    "0.224",
    "0.223",
    "0.222",
    "0.221",
    "0.220",
    "0.219",
    "0.218",
    "0.217",
    "0.216",
    "0.215",
    "0.214",
    "0.213",
    "0.212",
    "0.211",
    "0.210",
    "0.209",
    "0.208",
    "0.207",
    "0.206",
    "0.205",
    "0.204",
    "0.203",
    "0.202",
    "0.201",
    "0.200",
    "0.199",
    "0.198",
    "0.197",
    "0.196",
    "0.195",
    "0.194",
    "0.193",
    "0.192",
    "0.191",
    "0.190",
    "0.189",
    "0.188",
    "0.187",
    "0.186",
    "0.185",
    "0.184",
    "0.183",
    "0.182",
    "0.181",
    "0.180",
    "0.179",
    "0.178",
    "0.177",
    "0.176",
    "0.175",
    "0.174",
    "0.173",
    "0.172",
    "0.171",
    "0.170",
    "0.169",
    "0.168",
    "0.167",
    "0.166",
    "0.165",
    "0.164",
    "0.163",
    "0.162",
    "0.161",
    "0.160",
    "0.159",
    "0.158",
    "0.157",
    "0.156",
    "0.155",
    "0.154",
    "0.153",
    "0.152",
    "0.151",
    "0.150",
    "0.149",
    "0.148",
    "0.147",
    "0.146",
    "0.145",
    "0.144",
    "0.143",
    "0.142",
    "0.141",
    "0.140",
    "0.139",
    "0.138",
    "0.137",
    "0.136",
    "0.135",
    "0.134",
    "0.133",
    "0.132",
    "0.131",
    "0.130",
    "0.129",
    "0.128",
    "0.127",
    "0.126",
    "0.125",
    "0.124",
    "0.123",
    "0.122",
    "0.121",
    "0.119",
    "0.118",
    "0.117",
    "0.116",
    "0.115",
    "0.114",
    "0.113",
    "0.112",
    "0.111",
    "0.110",
    "0.109",
    "0.108",
    "0.107",
    "0.106",
    "0.105",
    "0.104",
    "0.103",
    "0.102",
    "0.101",
    "0.100",
    "0.99",
    "0.98",
    "0.97",
    "0.96",
    "0.95",
    "0.94",
    "0.93",
    "0.92",
    "0.91",
    "0.90",
    "0.89",
    "0.88",
    "0.87",
    "0.86",
    "0.85",
    "0.84",
    "0.83",
    "0.82",
    "0.81",
    "0.80",
    "0.79",
    "0.78",
    "0.77",
    "0.76",
    "0.75",
    "0.74",
    "0.73",
    "0.72",
    "0.71",
    "0.70",
    "0.69",
    "0.68",
    "0.67",
    "0.66",
    "0.65",
    "0.64",
    "0.63",
    "0.62",
    "0.61",
    "0.60",
    "0.59",
    "0.58",
    "0.57",
    "0.56",
    "0.55",
    "0.54",
    "0.53",
    "0.52",
    "0.51",
    "0.50",
    "0.49",
    "0.48",
    "0.47",
    "0.46",
    "0.45",
    "0.44",
    "0.43",
    "0.42",
    "0.41",
    "0.40",
    "0.39",
    "0.38",
    "0.37",
    "0.36",
    "0.35",
    "0.34",
    "0.33",
    "0.32",
    "0.31",
    "0.30",
    "0.29",
    "0.28",
    "0.27",
    "0.26",
    "0.25",
    "0.24",
    "0.23",
    "0.22",
    "0.21",
    "0.20",
    "0.19",
    "0.18",
    "0.17",
    "0.16",
    "0.15",
    "0.14",
    "0.13",
    "0.12",
    "0.11",
    "0.10",
    "0.9",
    "0.8",
    "0.7",
    "0.6",
    "0.5",
    "0.4",
    "0.3",
    "0.2",
    "0.1"
  ],
  "versions_dates": {
    "0.272": "2022-04-05T19:43:29Z",
    "0.271": "2022-04-05T19:43:29Z",
    "0.270": "2022-04-05T19:43:29Z",
    "0.269": "2022-04-05T19:43:29Z",
    "0.268": "2022-04-05T19:43:29Z",
    "0.267": "2022-04-05T19:43:29Z",
    "0.266.2": "2022-04-05T19:43:29Z",
    "0.266.1": "2022-04-05T19:43:29Z",
    "0.266": "2022-04-05T19:43:29Z",
    "0.265.1": "2022-04-05T19:43:29Z",
    "0.265": "2021-11-08T22:38:29Z",
    "0.264.1": "2021-11-08T22:38:29Z",
    "0.264": "2021-11-08T22:38:29Z",
    "0.263.1": "2021-11-08T22:38:29Z",
    "0.263": "2021-11-08T22:38:29Z",
    "0.262": "2021-11-08T22:38:29Z",
    "0.261": "2021-11-08T22:38:29Z",
    "0.260.1": "2021-11-08T22:38:29Z",
    "0.260": "2021-11-08T22:38:29Z",
    "0.259.1": "2021-11-08T22:38:29Z",
    "0.259": "2021-08-06T19:46:07Z",
    "0.258": "2021-08-06T19:46:07Z",
    "0.257": "2021-08-06T19:46:07Z",
    "0.256": "2021-08-06T19:46:07Z",
    "0.255": "2021-08-06T19:46:07Z",
    "0.254.1": "2021-08-06T19:46:07Z",
    "0.254": "2021-08-06T19:46:07Z",
    "0.253.1": "2021-08-06T19:46:07Z",
    "0.253": "2021-08-06T19:46:07Z",
    "0.251.1": "2021-08-06T19:46:07Z",
    "0.252": "2021-05-04T18:10:50Z",
    "0.251": "2021-05-04T18:10:50Z",
    "0.250": "2021-05-04T18:10:50Z",
    "0.249.1": "2021-05-04T18:10:50Z",
    "0.249": "2021-05-04T18:10:50Z",
    "0.248.1": "2021-05-04T18:10:50Z",
    "0.248": "2021-05-04T18:10:50Z",
    "0.247": "2021-05-04T18:10:50Z",
    "0.246": "2021-05-04T18:10:50Z",
    "0.245.1": "2021-05-04T18:10:50Z",
    "0.245": "2020-12-16T02:12:37Z",
    "0.244.1": "2020-12-16T02:12:37Z",
    "0.243.4": "2020-12-16T02:12:37Z",
    "0.244": "2020-12-16T02:12:37Z",
    "0.243.3": "2020-12-16T02:12:37Z",
    "0.243.2": "2020-12-16T02:12:37Z",
    "0.243.1": "2020-12-16T02:12:37Z",
    "0.243": "2020-12-16T02:12:37Z",
    "0.242.1": "2020-12-16T02:12:37Z",
    "0.242": "2020-12-16T02:12:37Z",
    "0.241": "2020-09-24T23:24:25Z",
    "0.240.1": "2020-09-24T23:24:25Z",
    "0.240": "2020-09-24T23:24:25Z",
    "0.239.3": "2020-09-24T23:24:25Z",
    "0.239.2": "2020-09-24T23:24:25Z",
    "0.239.1": "2020-09-24T23:24:25Z",
    "0.237.2": "2020-09-24T23:24:25Z",
    "0.239": "2020-09-24T23:24:25Z",
    "0.238.2": "2020-09-24T23:24:25Z",
    "0.238.1": "2020-09-24T23:24:25Z",
    "0.238": "2020-07-16T22:31:13Z",
    "0.236.1": "2020-07-16T22:31:13Z",
    "0.237.1": "2020-07-16T22:31:13Z",
    "0.237": "2020-07-16T22:31:13Z",
    "0.236": "2020-07-16T22:31:13Z",
    "0.235.1": "2020-07-16T22:31:13Z",
    "0.234.3": "2020-07-16T22:31:13Z",
    "0.235": "2020-07-16T22:31:13Z",
    "0.234.2": "2020-07-16T22:31:13Z",
    "0.234.1": "2020-07-16T22:31:13Z",
    "0.234": "2020-04-16T02:16:04Z",
    "0.233.1": "2020-04-16T02:16:04Z",
    "0.233": "2020-04-16T02:16:04Z",
    "0.232": "2020-04-16T02:16:04Z",
    "0.231.1": "2020-04-16T02:16:04Z",
    "0.231": "2020-04-16T02:16:04Z",
    "0.230": "2020-04-16T02:16:04Z",
    "0.229": "2020-04-16T02:16:04Z",
    "0.228": "2020-04-16T02:16:04Z",
    "0.227": "2020-04-16T02:16:04Z",
    "0.226": "2019-09-23T02:51:16Z",
    "0.225": "2019-09-23T02:51:16Z",
    "0.224": "2019-09-23T02:51:16Z",
    "0.223.1": "2019-09-23T02:51:16Z",
    "0.223": "2019-09-23T02:51:16Z",
    "0.222": "2019-09-23T02:51:16Z",
    "0.221": "2019-09-23T02:51:16Z",
    "0.220": "2019-09-23T02:51:16Z",
    "0.219": "2019-09-23T02:51:16Z",
    "0.218.1": "2019-09-23T02:51:16Z",
    "0.218": "2019-03-25T21:45:01Z",
    "0.217": "2019-03-25T21:45:01Z",
    "0.216": "2019-03-25T21:45:01Z",
    "0.215": "2019-03-25T21:45:01Z",
    "0.214": "2019-03-25T21:45:01Z",
    "0.213": "2019-03-25T21:45:01Z",
    "0.212": "2019-03-25T21:45:01Z",
    "0.211": "2019-03-25T21:45:01Z",
    "0.210": "2019-03-25T21:45:01Z",
    "0.209": "2019-03-25T21:45:01Z",
    "0.208": "2018-08-09T01:27:00Z",
    "0.207": "2018-08-09T01:27:00Z",
    "0.206": "2018-08-09T01:27:00Z",
    "0.205": "2018-08-09T01:27:00Z",
    "0.204": "2018-08-09T01:27:00Z",
    "0.203": "2018-08-09T01:27:00Z",
    "0.202": "2018-08-09T01:27:00Z",
    "0.201": "2018-08-09T01:27:00Z",
    "0.200": "2018-08-09T01:27:00Z",
    "0.199": "2018-08-09T01:27:00Z",
    "0.198": "2018-03-31T00:39:35Z",
    "0.197": "2018-03-31T00:39:35Z",
    "0.196": "2018-03-31T00:39:35Z",
    "0.195": "2018-03-31T00:39:35Z",
    "0.194": "2018-03-31T00:39:35Z",
    "0.193": "2018-03-31T00:39:35Z",
    "0.192": "2018-03-31T00:39:35Z",
    "0.191": "2018-03-31T00:39:35Z",
    "0.190": "2018-03-31T00:39:35Z",
    "0.189": "2018-03-31T00:39:35Z",
    "0.188": "2017-11-02T22:53:00Z",
    "0.187": "2017-11-02T22:53:00Z",
    "0.186": "2017-11-02T22:53:00Z",
    "0.185": "2017-11-02T22:53:00Z",
    "0.184": "2017-11-02T22:53:00Z",
    "0.183": "2017-11-02T22:53:00Z",
    "0.182": "2017-11-02T22:53:00Z",
    "0.181": "2017-11-02T22:53:00Z",
    "0.180": "2017-11-02T22:53:00Z",
    "0.179": "2017-11-02T22:53:00Z",
    "0.178": "2017-06-05T23:35:58Z",
    "0.177": "2017-06-05T23:35:58Z",
    "0.176": "2017-06-05T23:35:58Z",
    "0.175": "2017-06-05T23:35:58Z",
    "0.174": "2017-06-05T23:35:58Z",
    "0.173": "2017-06-05T23:35:58Z",
    "0.172": "2017-06-05T23:35:58Z",
    "0.171": "2017-06-05T23:35:58Z",
    "list": "2017-06-05T23:35:58Z",
    "0.170": "2017-06-05T23:35:58Z",
    "0.169": "2017-03-16T02:09:41Z",
    "0.168": "2017-03-16T02:09:41Z",
    "0.167": "2017-03-16T02:09:41Z",
    "0.166": "2017-03-16T02:09:41Z",
    "0.165": "2017-03-16T02:09:41Z",
    "0.164": "2017-03-16T02:09:41Z",
    "0.163": "2017-03-16T02:09:41Z",
    "0.162": "2017-03-16T02:09:41Z",
    "0.161": "2017-03-16T02:09:41Z",
    "0.160": "2017-03-16T02:09:41Z",
    "0.159": "2016-12-02T17:26:26Z",
    "0.158": "2016-12-02T17:26:26Z",
    "0.157.1": "2016-12-02T17:26:26Z",
    "0.157": "2016-12-02T17:26:26Z",
    "0.156": "2016-12-02T17:26:26Z",
    "0.155": "2016-12-02T17:26:26Z",
    "0.154": "2016-12-02T17:26:26Z",
    "0.153": "2016-12-02T17:26:26Z",
    "0.152.3": "2016-12-02T17:26:26Z",
    "0.152.2": "2016-12-02T17:26:26Z",
    "0.152.1": "2016-09-03T05:03:22Z",
    "0.152": "2016-09-03T05:03:22Z",
    "0.144.8": "2016-09-03T05:03:22Z",
    "0.144.7": "2016-09-03T05:03:22Z",
    "0.151": "2016-09-03T05:03:22Z",
    "0.150": "2016-09-03T05:03:22Z",
    "0.149": "2016-09-03T05:03:22Z",
    "0.144.6": "2016-09-03T05:03:22Z",
    "0.148": "2016-09-03T05:03:22Z",
    "0.144.5": "2016-09-03T05:03:22Z",
    "0.144.4": "2016-05-10T21:40:18Z",
    "0.147": "2016-05-10T21:40:18Z",
    "0.144.3": "2016-05-10T21:40:18Z",
    "0.146": "2016-05-10T21:40:18Z",
    "0.145": "2016-05-10T21:40:18Z",
    "0.144.2": "2016-05-10T21:40:18Z",
    "0.144.1": "2016-05-10T21:40:18Z",
    "0.144": "2016-05-10T21:40:18Z",
    "0.143": "2016-05-10T21:40:18Z",
    "0.142": "2016-05-10T21:40:18Z",
    "0.141": "2016-03-03T19:39:12Z",
    "0.140": "2016-03-03T19:39:12Z",
    "0.139": "2016-03-03T19:39:12Z",
    "0.138": "2016-03-03T19:39:12Z",
    "0.137": "2016-03-03T19:39:12Z",
    "0.136": "2016-03-03T19:39:12Z",
    "0.135": "2016-03-03T19:39:12Z",
    "0.134": "2016-03-03T19:39:12Z",
    "0.133": "2016-03-03T19:39:12Z",
    "0.132": "2016-03-03T19:39:12Z",
    "0.131": "2015-12-18T06:46:26Z",
    "0.130": "2015-12-18T06:46:26Z",
    "0.129": "2015-12-18T06:46:26Z",
    "0.128": "2015-12-18T06:46:26Z",
    "0.127": "2015-12-18T06:46:26Z",
    "0.126": "2015-12-18T06:46:26Z",
    "0.125": "2015-12-18T06:46:26Z",
    "0.124": "2015-12-18T06:46:26Z",
    "0.123": "2015-12-18T06:46:26Z",
    "0.122": "2015-12-18T06:46:26Z",
    "0.121": "2015-10-01T19:30:45Z",
    "0.119": "2015-10-01T19:30:45Z",
    "0.118": "2015-10-01T19:30:45Z",
    "0.117": "2015-10-01T19:30:45Z",
    "0.116": "2015-10-01T19:30:45Z",
    "0.115": "2015-10-01T19:30:45Z",
    "0.114": "2015-10-01T19:30:45Z",
    "0.113": "2015-10-01T19:30:45Z",
    "0.112": "2015-10-01T19:30:45Z",
    "0.111": "2015-10-01T19:30:45Z",
    "0.110": "2015-07-08T02:38:35Z",
    "0.109": "2015-07-08T02:38:35Z",
    "0.108": "2015-07-08T02:38:35Z",
    "0.107": "2015-07-08T02:38:35Z",
    "0.106": "2015-07-08T02:38:35Z",
    "0.105": "2015-07-08T02:38:35Z",
    "0.104": "2015-07-08T02:38:35Z",
    "0.103": "2015-07-08T02:38:35Z",
    "0.102": "2015-07-08T02:38:35Z",
    "0.101": "2015-07-08T02:38:35Z",
    "0.100": "2015-03-31T20:13:21Z",
    "0.99": "2015-03-31T20:13:21Z",
    "0.98": "2015-03-31T20:13:21Z",
    "0.97": "2015-03-31T20:13:21Z",
    "0.96": "2015-03-31T20:13:21Z",
    "0.95": "2015-03-31T20:13:21Z",
    "0.94": "2015-03-31T20:13:21Z",
    "0.93": "2015-03-31T20:13:21Z",
    "0.92": "2015-03-31T20:13:21Z",
    "0.91": "2015-03-31T20:13:21Z",
    "0.90": "2015-01-24T02:03:12Z",
    "0.89": "2015-01-24T02:03:12Z",
    "0.88": "2015-01-24T02:03:12Z",
    "0.87": "2015-01-24T02:03:12Z",
    "0.86": "2015-01-24T02:03:12Z",
    "0.85": "2015-01-24T02:03:12Z",
    "0.84": "2015-01-24T02:03:12Z",
    "0.83": "2015-01-24T02:03:12Z",
    "0.82": "2015-01-24T02:03:12Z",
    "0.81": "2015-01-24T02:03:12Z",
    "0.80": "2014-11-04T01:19:50Z",
    "0.79": "2014-11-04T01:19:50Z",
    "0.78": "2014-11-04T01:19:50Z",
    "0.77": "2014-11-04T01:19:50Z",
    "0.76": "2014-11-04T01:19:50Z",
    "0.75": "2014-11-04T01:19:50Z",
    "0.74": "2014-11-04T01:19:50Z",
    "0.73": "2014-11-04T01:19:50Z",
    "0.72": "2014-11-04T01:19:50Z",
    "0.71": "2014-11-04T01:19:50Z",
    "0.70": "2014-06-17T18:27:54Z",
    "0.69": "2014-06-17T18:27:54Z",
    "0.68": "2014-06-17T18:27:54Z",
    "0.67": "2014-06-17T18:27:54Z",
    "0.66": "2014-06-17T18:27:54Z",
    "0.65": "2014-06-17T18:27:54Z",
    "0.64": "2014-06-17T18:27:54Z",
    "0.63": "2014-06-17T18:27:54Z",
    "0.62": "2014-06-17T18:27:54Z",
    "0.61": "2014-06-17T18:27:54Z",
    "0.60": "2014-02-12T04:32:56Z",
    "0.59": "2014-02-12T04:32:56Z",
    "0.58": "2014-02-12T04:32:56Z",
    "0.57": "2014-02-12T04:32:56Z",
    "0.56": "2014-02-12T04:32:56Z",
    "0.55": "2014-02-12T04:32:56Z",
    "0.54": "2014-02-12T04:32:56Z",
    "0.53": "2014-02-12T04:32:56Z",
    "0.52": "2014-02-12T04:32:56Z",
    "0.51": "2014-02-12T04:32:56Z",
    "0.50": "2013-10-24T17:26:26Z",
    "0.49": "2013-10-24T17:26:26Z",
    "0.48": "2013-10-24T17:26:26Z",
    "0.47": "2013-10-24T17:26:26Z",
    "0.46": "2013-10-24T17:26:26Z",
    "0.45": "2013-10-24T17:26:26Z",
    "0.44": "2013-10-24T17:26:26Z",
    "0.43": "2013-10-24T17:26:26Z",
    "0.42": "2013-10-24T17:26:26Z",
    "0.41": "2013-10-24T17:26:26Z",
    "0.40": "2013-08-02T21:10:16Z",
    "0.39": "2013-08-02T21:10:16Z",
    "0.38": "2013-08-02T21:10:16Z",
    "0.37": "2013-08-02T21:10:16Z",
    "0.36": "2013-08-02T21:10:16Z",
    "0.35": "2013-08-02T21:10:16Z",
    "0.34": "2013-08-02T21:10:16Z",
    "0.33": "2013-08-02T21:10:16Z",
    "0.32": "2013-08-02T21:10:16Z",
    "0.31": "2013-08-02T21:10:16Z",
    "0.30": "2013-06-18T00:31:53Z",
    "0.29": "2013-06-18T00:31:53Z",
    "0.28": "2013-06-18T00:31:53Z",
    "0.27": "2013-06-18T00:31:53Z",
    "0.26": "2013-06-18T00:31:53Z",
    "0.25": "2013-06-18T00:31:53Z",
    "0.24": "2013-06-18T00:31:53Z",
    "0.23": "2013-06-18T00:31:53Z",
    "0.22": "2013-06-18T00:31:53Z",
    "0.21": "2013-06-18T00:31:53Z",
    "0.20": "2013-05-18T00:13:14Z",
    "0.19": "2013-05-18T00:13:14Z",
    "0.18": "2013-05-18T00:13:14Z",
    "0.17": "2013-05-18T00:13:14Z",
    "0.16": "2013-05-18T00:13:14Z",
    "0.15": "2013-05-18T00:13:14Z",
    "0.14": "2013-05-18T00:13:14Z",
    "0.13": "2013-05-18T00:13:14Z",
    "0.12": "2013-05-18T00:13:14Z",
    "0.11": "2013-05-18T00:13:14Z",
    "0.10": "2013-04-05T23:35:57Z",
    "0.9": "2013-04-05T23:35:57Z",
    "0.8": "2013-04-05T23:35:57Z",
    "0.7": "2013-04-05T23:35:57Z",
    "0.6": "2013-04-05T23:35:57Z",
    "0.5": "2013-04-05T23:35:57Z",
    "0.4": "2013-04-05T23:35:57Z",
    "0.3": "2013-04-05T23:35:57Z",
    "0.2": "2013-04-05T23:35:57Z",
    "0.1": "2013-04-05T23:35:57Z",
    "0.1-20130128.171735-124": "2013-01-28T05:57:13Z",
    "0.1-20130119.065526-123": "2013-01-28T05:57:13Z",
    "0.1-20130117.052245-122": "2013-01-28T05:57:13Z"
  },
  "package_manager": "maven"
}