{
  "software": "Sentry",
  "platform_link": "https://issues.apache.org/jira/projects/SENTRY",
  "git_link": "https://github.com/apache/sentry",
  "description": "Sentry\u662f\u4e00\u4e2a\u7528\u4e8e\u5bf9\u5b58\u50a8\u5728 Hadoop \u96c6\u7fa4\u4e0a\u7684\u6570\u636e\u548c\u5143\u6570\u636e\u6267\u884c\u57fa\u4e8e\u89d2\u8272\u7684\u7ec6\u7c92\u5ea6\u6388\u6743\u7684\u7cfb\u7edf",
  "language": [
    "Java",
    "TSQL",
    "JavaScript",
    "Thrift",
    "XSLT",
    "Shell",
    "Other"
  ],
  "version": [
    "release-2.0.1",
    "release-1.7.1",
    "release-2.1.0",
    "release-2.0.0",
    "release-1.8.0",
    "release-1.7.0",
    "branch-1.6.0",
    "release-1.5.1",
    "release-1.4.0",
    "release-1.3.0",
    "release-1.2.0"
  ],
  "versions_dates": {
    "2.0.1": "20/Aug/18",
    "1.7.1": "25/Dec/17",
    "2.1.0": "28/Sep/18",
    "2.0.0": "07/Dec/17",
    "1.8.0": "07/Aug/17",
    "1.7.0": "15/Jun/16",
    "1.6.0": "22/Sep/15",
    "1.5.1": "15/Jul/15",
    "1.4.0": "18/Aug/14",
    "1.3.0": "13/May/14",
    "1.2.0": "24/Sep/13"
  },
  "package_manager": "maven"
}