{
  "software": "Storm",
  "platform_link": "https://issues.apache.org/jira/projects/STORM",
  "git_link": "https://github.com/apache/storm",
  "description": "Storm\u662f\u4e00\u4e2a\u5206\u5e03\u5f0f\u5b9e\u65f6\u8ba1\u7b97\u7cfb\u7edf\u3002\u4e0eHadoop\u63d0\u4f9b\u4e00\u5957\u7528\u4e8e\u6279\u5904\u7406\u7684\u901a\u7528\u57fa\u5143\u7c7b\u4f3c\uff0cStorm\u63d0\u4f9b\u4e86\u4e00\u5957\u7528\u4e8e\u5b9e\u65f6\u8ba1\u7b97\u7684\u901a\u7528\u57fa\u5143\u3002",
  "language": [
    "Java",
    "Python",
    "HTML",
    "Clojure",
    "C",
    "JavaScript",
    "Other"
  ],
  "version": [
    "v2.4.0",
    "v2.1.0",
    "v1.2.3",
    "v1.2.2",
    "v1.1.3",
    "v1.2.1",
    "v0.9.7",
    "v1.0.6",
    "v1.0.5",
    "v1.1.2",
    "v1.2.0",
    "v1.1.1",
    "v1.0.4",
    "v1.0.3",
    "v1.1.0",
    "v1.0.2",
    "v0.10.2",
    "v1.0.1",
    "v2.0.0",
    "v0.10.1",
    "v0.9.6",
    "v0.9.5",
    "v1.0.0",
    "v0.9.4",
    "v0.10.0",
    "v0.9.3",
    "v0.9.0.1"
  ],
  "versions_dates": {
    "2.4.0": "25/Mar/22",
    "2.1.0": "31/Oct/19",
    "1.2.3": "19/Jul/19",
    "1.2.2": "04/Jun/18",
    "1.1.3": "04/Jun/18",
    "1.2.1": "15/Feb/18",
    "0.9.7": "07/Sep/16",
    "1.0.6": "14/Feb/18",
    "1.0.5": "15/Sep/17",
    "1.1.2": "15/Feb/18",
    "1.2.0": "15/Feb/18",
    "1.1.1": "01/Aug/17",
    "1.0.4": "28/Jul/17",
    "1.0.3": "14/Feb/17",
    "1.1.0": "29/Mar/17",
    "1.0.2": "10/Aug/16",
    "0.10.2": "14/Sep/16",
    "1.0.1": "06/May/16",
    "2.0.0": "30/May/19",
    "0.10.1": "05/May/16",
    "0.9.6": "05/Nov/15",
    "0.9.5": "04/Jun/15",
    "1.0.0": "12/Apr/16",
    "0.9.4": "25/Mar/15",
    "0.10.0": "05/Nov/15",
    "0.9.3": "25/Nov/14",
    "0.9.0.1": "06/Dec/13",
    "0.9.1-incubating": "10/Feb/14",
    "0.9.2-incubating": "25/Jun/14"
  },
  "package_manager": "maven"
}