{
    "software": "superset",
    "vendor": "apache",
    "platform_link": "https://issues.apache.org/jira/projects/SUPERSET",
    "git_link": "https://github.com/apache/superset",
    "description": "Apache Superset是一个现代的、企业级的商业智能web应用程序。",
    "component_label": "无",
    "severity_label": "无",
    "version_label": "无",
    "language": [
      "TypeScript",
      "Python",
      "JavaScript",
      "Jupyter Notebook",
      "HTML",
      "Less",
      "Other"
    ],
    "version": [
      "superset-helm-chart-0.7.0",
      "superset-helm-chart-0.6.6",
      "superset-helm-chart-0.6.5",
      "2.0.0",
      "superset-helm-chart-0.6.4",
      "superset-helm-chart-0.6.3",
      "1.5.1",
      "superset-helm-chart-0.6.2",
      "superset-helm-chart-0.6.1",
      "1.5.0",
      "superset-helm-chart-0.6.0",
      "1.4.2",
      "superset-helm-chart-0.5.10",
      "superset-helm-chart-0.5.9",
      "superset-helm-chart-0.5.8",
      "superset-helm-chart-0.5.7",
      "1.4.1",
      "superset-helm-chart-0.5.6",
      "superset-helm-chart-0.5.5",
      "1.4.0",
      "superset-helm-chart-0.5.4",
      "superset-helm-chart-0.5.3",
      "superset-helm-chart-0.5.2",
      "superset-helm-chart-0.5.1",
      "superset-helm-chart-0.5.0",
      "superset-helm-chart-0.4.0",
      "superset-helm-chart-0.3.12",
      "superset-helm-chart-0.3.11",
      "1.3.2",
      "superset-helm-chart-0.3.10",
      "superset-helm-chart-0.3.9",
      "1.3.1",
      "superset-helm-chart-0.3.8",
      "superset-helm-chart-0.3.7",
      "superset-helm-chart-0.3.6",
      "1.3.0",
      "superset-helm-chart-0.3.5",
      "superset-helm-chart-0.3.4",
      "superset-helm-chart-0.3.3",
      "1.2.0",
      "superset-helm-chart-0.3.2",
      "superset-helm-chart-0.3.1",
      "superset-helm-chart-0.3.0",
      "superset-helm-chart-0.2.1",
      "superset-helm-chart-0.2.0",
      "superset-helm-chart-0.1.6",
      "superset-helm-chart-0.1.5",
      "superset-helm-chart-0.1.4",
      "superset-helm-chart-0.1.3",
      "superset-helm-chart-0.1.2",
      "superset-helm-chart-0.1.1",
      "1.1.0",
      "0.38.1",
      "1.0.1",
      "1.0.0",
      "0.38.0",
      "0.37.2",
      "0.37.1",
      "0.37.0",
      "0.36.0",
      "0.34.0",
      "v0.20.1",
      "v0.20.0",
      "0.16.1",
      "0.15.2",
      "0.9.1",
      "0.8.9",
      "Stability release",
      "v0.8.0"
    ],
    "versions_dates": {
      "superset-helm-chart-0.7.0": "2022-08-01",
      "superset-helm-chart-0.6.6": "2022-07-25",
      "superset-helm-chart-0.6.5": "2022-07-11",
      "2.0.0": "2022-07-14",
      "superset-helm-chart-0.6.4": "2022-07-05",
      "superset-helm-chart-0.6.3": "2022-06-10",
      "1.5.1": "2022-06-08",
      "superset-helm-chart-0.6.2": "2022-05-25",
      "superset-helm-chart-0.6.1": "2022-04-28",
      "1.5.0": "2022-04-28",
      "superset-helm-chart-0.6.0": "2022-04-21",
      "1.4.2": "2022-03-29",
      "superset-helm-chart-0.5.10": "2022-02-23",
      "superset-helm-chart-0.5.9": "2022-02-16",
      "superset-helm-chart-0.5.8": "2022-02-10",
      "superset-helm-chart-0.5.7": "2022-02-08",
      "1.4.1": "2022-02-09",
      "superset-helm-chart-0.5.6": "2022-01-27",
      "superset-helm-chart-0.5.5": "2022-01-25",
      "1.4.0": "2022-01-19",
      "superset-helm-chart-0.5.4": "2022-01-11",
      "superset-helm-chart-0.5.3": "2022-01-04",
      "superset-helm-chart-0.5.2": "2022-01-04",
      "superset-helm-chart-0.5.1": "2021-12-20",
      "superset-helm-chart-0.5.0": "2021-12-08",
      "superset-helm-chart-0.4.0": "2021-11-30",
      "superset-helm-chart-0.3.12": "2021-10-28",
      "superset-helm-chart-0.3.11": "2021-10-25",
      "1.3.2": "2021-10-20",
      "superset-helm-chart-0.3.10": "2021-09-28",
      "superset-helm-chart-0.3.9": "2021-09-27",
      "1.3.1": "2021-09-28",
      "superset-helm-chart-0.3.8": "2021-09-17",
      "superset-helm-chart-0.3.7": "2021-09-16",
      "superset-helm-chart-0.3.6": "2021-08-22",
      "1.3.0": "2021-08-30",
      "superset-helm-chart-0.3.5": "2021-07-10",
      "superset-helm-chart-0.3.4": "2021-07-06",
      "superset-helm-chart-0.3.3": "2021-07-05",
      "1.2.0": "2021-07-04",
      "superset-helm-chart-0.3.2": "2021-07-01",
      "superset-helm-chart-0.3.1": "2021-06-30",
      "superset-helm-chart-0.3.0": "2021-06-30",
      "superset-helm-chart-0.2.1": "2021-06-27",
      "superset-helm-chart-0.2.0": "2021-06-26",
      "superset-helm-chart-0.1.6": "2021-06-21",
      "superset-helm-chart-0.1.5": "2021-06-16",
      "superset-helm-chart-0.1.4": "2021-06-09",
      "superset-helm-chart-0.1.3": "2021-05-26",
      "superset-helm-chart-0.1.2": "2021-04-26",
      "superset-helm-chart-0.1.1": "2021-04-17",
      "1.1.0": "2021-04-13",
      "0.38.1": "2021-03-02",
      "1.0.1": "2021-02-06",
      "1.0.0": "2021-01-21",
      "0.38.0": "2020-11-25",
      "0.37.2": "2020-09-27",
      "0.37.1": "2020-09-15",
      "0.37.0": "2020-08-14",
      "0.36.0": "2020-06-29",
      "0.34.0": "2019-09-06",
      "v0.20.1": "2017-10-03",
      "v0.20.0": "2017-10-03",
      "0.16.1": "2017-02-24",
      "0.15.2": "2017-01-13",
      "0.9.1": "2016-06-15",
      "0.8.9": "2016-04-28",
      "Stability release": "2016-04-07",
      "v0.8.0": "2016-03-11"
    },
    "versions_tags": {
      "superset-helm-chart-0.7.0": "superset-helm-chart-0.7.0",
      "superset-helm-chart-0.6.6": "superset-helm-chart-0.6.6",
      "superset-helm-chart-0.6.5": "superset-helm-chart-0.6.5",
      "2.0.0": "2.0.0",
      "superset-helm-chart-0.6.4": "superset-helm-chart-0.6.4",
      "superset-helm-chart-0.6.3": "superset-helm-chart-0.6.3",
      "1.5.1": "1.5.1",
      "superset-helm-chart-0.6.2": "superset-helm-chart-0.6.2",
      "superset-helm-chart-0.6.1": "superset-helm-chart-0.6.1",
      "1.5.0": "1.5.0",
      "superset-helm-chart-0.6.0": "superset-helm-chart-0.6.0",
      "1.4.2": "1.4.2",
      "superset-helm-chart-0.5.10": "superset-helm-chart-0.5.10",
      "superset-helm-chart-0.5.9": "superset-helm-chart-0.5.9",
      "superset-helm-chart-0.5.8": "superset-helm-chart-0.5.8",
      "superset-helm-chart-0.5.7": "superset-helm-chart-0.5.7",
      "1.4.1": "1.4.1",
      "superset-helm-chart-0.5.6": "superset-helm-chart-0.5.6",
      "superset-helm-chart-0.5.5": "superset-helm-chart-0.5.5",
      "1.4.0": "1.4.0",
      "superset-helm-chart-0.5.4": "superset-helm-chart-0.5.4",
      "superset-helm-chart-0.5.3": "superset-helm-chart-0.5.3",
      "superset-helm-chart-0.5.2": "superset-helm-chart-0.5.2",
      "superset-helm-chart-0.5.1": "superset-helm-chart-0.5.1",
      "superset-helm-chart-0.5.0": "superset-helm-chart-0.5.0",
      "superset-helm-chart-0.4.0": "superset-helm-chart-0.4.0",
      "superset-helm-chart-0.3.12": "superset-helm-chart-0.3.12",
      "superset-helm-chart-0.3.11": "superset-helm-chart-0.3.11",
      "1.3.2": "1.3.2",
      "superset-helm-chart-0.3.10": "superset-helm-chart-0.3.10",
      "superset-helm-chart-0.3.9": "superset-helm-chart-0.3.9",
      "1.3.1": "1.3.1",
      "superset-helm-chart-0.3.8": "superset-helm-chart-0.3.8",
      "superset-helm-chart-0.3.7": "superset-helm-chart-0.3.7",
      "superset-helm-chart-0.3.6": "superset-helm-chart-0.3.6",
      "1.3.0": "1.3.0",
      "superset-helm-chart-0.3.5": "superset-helm-chart-0.3.5",
      "superset-helm-chart-0.3.4": "superset-helm-chart-0.3.4",
      "superset-helm-chart-0.3.3": "superset-helm-chart-0.3.3",
      "1.2.0": "1.2.0",
      "superset-helm-chart-0.3.2": "superset-helm-chart-0.3.2",
      "superset-helm-chart-0.3.1": "superset-helm-chart-0.3.1",
      "superset-helm-chart-0.3.0": "superset-helm-chart-0.3.0",
      "superset-helm-chart-0.2.1": "superset-helm-chart-0.2.1",
      "superset-helm-chart-0.2.0": "superset-helm-chart-0.2.0",
      "superset-helm-chart-0.1.6": "superset-helm-chart-0.1.6",
      "superset-helm-chart-0.1.5": "superset-helm-chart-0.1.5",
      "superset-helm-chart-0.1.4": "superset-helm-chart-0.1.4",
      "superset-helm-chart-0.1.3": "superset-helm-chart-0.1.3",
      "superset-helm-chart-0.1.2": "superset-helm-chart-0.1.2",
      "superset-helm-chart-0.1.1": "superset-helm-chart-0.1.1",
      "1.1.0": "1.1.0",
      "0.38.1": "0.38.1",
      "1.0.1": "1.0.1",
      "1.0.0": "1.0.0",
      "0.38.0": "0.38.0",
      "0.37.2": "0.37.2",
      "0.37.1": "0.37.1",
      "0.37.0": "0.37.0",
      "0.36.0": "0.36.0",
      "0.34.0": "0.34.0",
      "v0.20.1": "0.20.1",
      "v0.20.0": "0.20.0",
      "0.16.1": "0.16.1",
      "0.15.2": "0.15.2",
      "0.9.1": "0.9.1",
      "0.8.9": "0.8.9",
      "Stability release": "0.8.6",
      "v0.8.0": "0.8.0"
    },
    "package_manager": ""
  }