{
  "software": "Tez",
  "platform_link": "https://issues.apache.org/jira/projects/TEZ",
  "git_link": "https://github.com/apache/tez",
  "description": "Tez \u662f\u4e00\u4e2a\u53ef\u6269\u5c55\u7684\u6846\u67b6\uff0c\u7528\u4e8e\u6784\u5efa\u9ad8\u6027\u80fd\u6279\u5904\u7406\u548c\u4ea4\u4e92\u5f0f\u6570\u636e\u5904\u7406\u5e94\u7528\u7a0b\u5e8f\uff0c\u7531 Apache Hadoop \u4e2d\u7684 YARN \u534f\u8c03\u3002Tez \u901a\u8fc7\u663e\u7740\u63d0\u9ad8\u5176\u901f\u5ea6\u6765\u6539\u8fdb MapReduce \u8303\u4f8b\uff0c\u540c\u65f6\u4fdd\u6301 MapReduce \u6269\u5c55\u5230 PB \u7ea7\u6570\u636e\u7684\u80fd\u529b\u3002Apache Hive \u548c Apache Pig \u7b49\u91cd\u8981\u7684 Hadoop \u751f\u6001\u7cfb\u7edf\u9879\u76ee\u4f7f\u7528 Apache Tez\uff0c\u4e3a\u66f4\u5e7f\u6cdb\u7684 Hadoop \u751f\u6001\u7cfb\u7edf\u5f00\u53d1\u7684\u8d8a\u6765\u8d8a\u591a\u7684\u7b2c\u4e09\u65b9\u6570\u636e\u8bbf\u95ee\u5e94\u7528\u7a0b\u5e8f\u4e5f\u662f\u5982\u6b64\u3002",
  "language": [
    "Java",
    "JavaScript",
    "Handlebars",
    "Less",
    "Shell",
    "Python",
    "Other"
  ],
  "version": [
    "rel/release-0.10.1",
    "rel/release-0.10.0",
    "rel/release-0.9.2",
    "rel/release-0.9.1",
    "rel/release-0.8.4",
    "rel/release-0.9.0",
    "rel/release-0.8.3",
    "rel/release-0.8.2",
    "rel/release-0.7.1",
    "release-0.6.2",
    "release-0.6.1",
    "release-0.5.4",
    "release-0.7.0",
    "release-0.5.3",
    "release-0.5.2",
    "release-0.6.0",
    "release-0.5.1",
    "release-0.5.0",
    "release-0.4.1-incubating",
    "release-0.4.0-incubating",
    "release-0.3.0-incubating",
    "release-0.2.0"
  ],
  "versions_dates": {
    "0.10.1": "01/Jul/21",
    "0.10.0": "15/Oct/20",
    "0.9.2": "29/Mar/19",
    "0.9.1": "04/Jan/18",
    "0.8.4": "08/Jul/16",
    "0.9.0": "28/Jul/17",
    "0.8.3": "15/Apr/16",
    "0.8.2": "19/Jan/16",
    "0.8.1-alpha": "12/Oct/15",
    "0.7.1": "10/May/16",
    "0.8.0-alpha": "01/Sep/15",
    "0.6.2": "07/Aug/15",
    "0.6.1": "18/May/15",
    "0.5.4": "26/Jun/15",
    "0.7.0": "18/May/15",
    "0.5.3": "10/Dec/14",
    "0.5.2": "07/Nov/14",
    "0.6.0": "23/Jan/15",
    "0.5.1": "02/Oct/14",
    "0.4.1": "14/Jul/14",
    "0.5.0": "03/Sep/14",
    "0.4.0": "06/Apr/14",
    "0.3.0": "28/Feb/14",
    "0.2.0": "30/Nov/13"
  },
  "package_manager": "maven"
}