{
  "software": "Tomcat",
  "platform_link": "https://bz.apache.org/bugzilla/buglist.cgi?bug_status=__open__&no_redirect=1&order=Importance&product=Tomcat%209&query_format=specific",
  "git_link": "https://github.com/apache/tomcat",
  "description": "Apache Tomcat\u00ae\u8f6f\u4ef6\u662fJava Servlet\u3001JavaServer Pages\u3001Java Expression Language\u548cJava WebSocket\u6280\u672f\u7684\u4e00\u4e2a\u5f00\u6e90\u5b9e\u73b0\u3002",
  "language": [
    "Java",
    "HTML",
    "Shell",
    "Batchfile",
    "NSIS",
    "XSLT",
    "Other"
  ],
  "version": [
    "10.0.20",
    "9.0.62",
    "8.5.78",
    "9.0.61",
    "10.0.19",
    "8.5.77",
    "10.0.18",
    "9.0.60",
    "8.5.76",
    "10.0.17",
    "9.0.59",
    "8.5.75",
    "10.0.16",
    "9.0.58",
    "10.0.15",
    "9.0.57",
    "8.5.74",
    "10.0.14",
    "9.0.56",
    "8.5.73",
    "9.0.55",
    "10.0.13",
    "8.5.72",
    "10.0.12",
    "9.0.54",
    "8.5.71",
    "10.0.11",
    "9.0.53",
    "8.5.70",
    "9.0.52",
    "10.0.10",
    "9.0.51",
    "10.0.9",
    "8.5.69",
    "9.0.50",
    "9.0.49",
    "10.0.8",
    "8.5.68",
    "9.0.48",
    "8.5.67",
    "10.0.7",
    "9.0.47",
    "10.0.6",
    "9.0.46",
    "8.5.66",
    "7.0.109",
    "10.0.5",
    "9.0.45",
    "8.5.65",
    "10.0.4",
    "10.0.3",
    "9.0.44",
    "8.5.64",
    "8.5.63",
    "10.0.2",
    "9.0.43",
    "7.0.108",
    "10.0.1",
    "9.0.42",
    "8.5.62",
    "9.0.41",
    "8.5.61",
    "10.0.0",
    "7.0.107",
    "9.0.40",
    "8.5.60",
    "9.0.39",
    "8.5.59",
    "7.0.106",
    "9.0.38",
    "8.5.58",
    "7.0.105",
    "9.0.37",
    "8.5.57",
    "9.0.36",
    "8.5.56",
    "7.0.104",
    "9.0.35",
    "8.5.55",
    "9.0.34",
    "8.5.54",
    "7.0.103",
    "7.0.102",
    "9.0.33",
    "8.5.53",
    "7.0.101",
    "9.0.32",
    "8.5.52",
    "7.0.100",
    "9.0.31",
    "8.5.51",
    "7.0.99",
    "9.0.30",
    "8.5.50",
    "7.0.98",
    "8.5.49",
    "9.0.29",
    "8.5.48",
    "9.0.28",
    "9.0.27",
    "8.5.47",
    "7.0.97",
    "9.0.26",
    "9.0.25",
    "8.5.46",
    "9.0.24",
    "9.0.23",
    "8.5.45",
    "8.5.44",
    "7.0.96",
    "7.0.95",
    "9.0.22",
    "8.5.43",
    "9.0.21",
    "8.5.42",
    "8.5.41",
    "9.0.20",
    "9.0.19",
    "9.0.18",
    "8.5.40",
    "7.0.94",
    "8.5.39",
    "9.0.17",
    "7.0.93",
    "8.5.38",
    "9.0.16",
    "9.0.15",
    "8.5.37",
    "8.5.36",
    "9.0.14",
    "7.0.92",
    "8.5.35",
    "9.0.13",
    "7.0.91",
    "9.0.12",
    "8.5.34",
    "9.0.11",
    "8.5.33",
    "7.0.90",
    "7.0.89",
    "9.0.10",
    "9.0.9",
    "8.5.32",
    "7.0.88",
    "7.0.87",
    "9.0.8",
    "8.5.31",
    "7.0.86",
    "9.0.7",
    "8.5.30",
    "9.0.6",
    "8.5.29",
    "7.0.85",
    "9.0.5",
    "8.5.28",
    "7.0.84",
    "9.0.4",
    "8.5.27",
    "8.5.26",
    "8.5.25",
    "9.0.3",
    "7.0.83",
    "8.5.24",
    "9.0.2",
    "7.0.82",
    "8.5.23",
    "9.0.1",
    "9.0.0",
    "8.5.22",
    "8.5.21",
    "7.0.81",
    "7.0.80",
    "8.5.20",
    "8.5.19",
    "8.5.18",
    "8.5.17",
    "7.0.79",
    "8.5.16",
    "7.0.78",
    "8.5.15",
    "8.5.14",
    "7.0.77",
    "8.5.13",
    "7.0.76",
    "8.5.12",
    "7.0.75",
    "7.0.74",
    "8.5.11",
    "8.5.10",
    "8.5.9",
    "7.0.73",
    "8.5.8",
    "8.5.7",
    "8.5.6",
    "7.0.72",
    "7.0.71",
    "8.5.5",
    "8.5.4",
    "7.0.70",
    "8.5.3",
    "8.5.2",
    "8.5.1",
    "7.0.69",
    "8.5.0",
    "7.0.68",
    "7.0.67",
    "7.0.66",
    "7.0.65",
    "7.0.64",
    "7.0.63",
    "7.0.62",
    "7.0.61",
    "7.0.60",
    "7.0.59",
    "7.0.58",
    "7.0.57",
    "7.0.56",
    "7.0.55",
    "7.0.54",
    "7.0.53",
    "7.0.52",
    "7.0.51",
    "7.0.50",
    "7.0.49",
    "7.0.48",
    "7.0.47",
    "7.0.46",
    "7.0.45",
    "7.0.44",
    "7.0.43",
    "7.0.42",
    "7.0.41",
    "7.0.40",
    "7.0.39",
    "7.0.38",
    "7.0.37",
    "7.0.36",
    "7.0.35",
    "7.0.34",
    "7.0.33",
    "7.0.32",
    "7.0.31",
    "7.0.30",
    "7.0.29",
    "7.0.28",
    "7.0.27",
    "7.0.26",
    "7.0.25",
    "7.0.24",
    "7.0.23",
    "7.0.22",
    "7.0.21",
    "7.0.20",
    "7.0.19",
    "7.0.18",
    "7.0.17",
    "7.0.16",
    "7.0.15",
    "7.0.14",
    "7.0.13",
    "7.0.12",
    "7.0.11",
    "7.0.10",
    "7.0.9",
    "7.0.8",
    "7.0.7",
    "7.0.6",
    "7.0.5",
    "7.0.4",
    "7.0.3",
    "7.0.2",
    "7.0.1",
    "7.0.0"
  ],
  "versions_dates": {
    "10.1.0-M14": "2022-03-31T13:24:11Z",
    "10.0.20": "2022-03-31T13:24:11Z",
    "9.0.62": "2022-03-31T13:24:11Z",
    "8.5.78": "2022-03-31T13:24:11Z",
    "9.0.61": "2022-03-31T13:24:11Z",
    "10.1.0-M13": "2022-03-31T13:24:11Z",
    "10.0.19": "2022-03-31T13:24:11Z",
    "8.5.77": "2022-03-31T13:24:11Z",
    "10.1.0-M12": "2022-03-31T13:24:11Z",
    "10.0.18": "2022-03-31T13:24:11Z",
    "9.0.60": "2022-03-09T14:35:42Z",
    "8.5.76": "2022-03-09T14:35:42Z",
    "10.1.0-M11": "2022-03-09T14:35:42Z",
    "10.0.17": "2022-03-09T14:35:42Z",
    "9.0.59": "2022-03-09T14:35:42Z",
    "8.5.75": "2022-03-09T14:35:42Z",
    "10.1.0-M10": "2022-03-09T14:35:42Z",
    "10.0.16": "2022-03-09T14:35:42Z",
    "9.0.58": "2022-03-09T14:35:42Z",
    "10.1.0-M9": "2022-03-09T14:35:42Z",
    "10.0.15": "2022-01-12T19:13:54Z",
    "9.0.57": "2022-01-12T19:13:54Z",
    "8.5.74": "2022-01-12T19:13:54Z",
    "10.1.0-M8": "2022-01-12T19:13:54Z",
    "10.0.14": "2022-01-12T19:13:54Z",
    "9.0.56": "2022-01-12T19:13:54Z",
    "8.5.73": "2022-01-12T19:13:54Z",
    "9.0.55": "2022-01-12T19:13:54Z",
    "10.0.13": "2022-01-12T19:13:54Z",
    "10.1.0-M7": "2022-01-12T19:13:54Z",
    "8.5.72": "2021-10-01T15:27:56Z",
    "10.1.0-M6": "2021-10-01T15:27:56Z",
    "10.0.12": "2021-10-01T15:27:56Z",
    "9.0.54": "2021-10-01T15:27:56Z",
    "8.5.71": "2021-10-01T15:27:56Z",
    "10.1.0-M5": "2021-10-01T15:27:56Z",
    "10.0.11": "2021-10-01T15:27:56Z",
    "9.0.53": "2021-10-01T15:27:56Z",
    "8.5.70": "2021-10-01T15:27:56Z",
    "10.1.0-M4": "2021-10-01T15:27:56Z",
    "9.0.52": "2021-07-31T04:06:06Z",
    "10.0.10": "2021-07-31T04:06:06Z",
    "9.0.51": "2021-07-31T04:06:06Z",
    "10.1.0-M3": "2021-07-31T04:06:06Z",
    "10.0.9": "2021-07-31T04:06:06Z",
    "8.5.69": "2021-07-31T04:06:06Z",
    "9.0.50": "2021-07-31T04:06:06Z",
    "9.0.49": "2021-07-31T04:06:06Z",
    "10.1.0-M2": "2021-07-31T04:06:06Z",
    "10.0.8": "2021-07-31T04:06:06Z",
    "8.5.68": "2021-06-11T13:29:49Z",
    "9.0.48": "2021-06-11T13:29:49Z",
    "8.5.67": "2021-06-11T13:29:49Z",
    "10.1.0-M1": "2021-06-11T13:29:49Z",
    "10.0.7": "2021-06-11T13:29:49Z",
    "9.0.47": "2021-06-11T13:29:49Z",
    "10.0.6": "2021-06-11T13:29:49Z",
    "9.0.46": "2021-06-11T13:29:49Z",
    "8.5.66": "2021-06-11T13:29:49Z",
    "7.0.109": "2021-06-11T13:29:49Z",
    "10.0.5": "2021-03-30T08:07:06Z",
    "9.0.45": "2021-03-30T08:07:06Z",
    "8.5.65": "2021-03-30T08:07:06Z",
    "10.0.4": "2021-03-30T08:07:06Z",
    "10.0.3": "2021-03-30T08:07:06Z",
    "9.0.44": "2021-03-30T08:07:06Z",
    "8.5.64": "2021-03-30T08:07:06Z",
    "8.5.63": "2021-03-30T08:07:06Z",
    "10.0.2": "2021-03-30T08:07:06Z",
    "9.0.43": "2021-03-30T08:07:06Z",
    "7.0.108": "2021-01-28T08:41:17Z",
    "10.0.1": "2021-01-28T08:41:17Z",
    "9.0.42": "2021-01-28T08:41:17Z",
    "8.5.62": "2021-01-28T08:41:17Z",
    "9.0.41": "2021-01-28T08:41:17Z",
    "8.5.61": "2021-01-28T08:41:17Z",
    "10.0.0": "2021-01-28T08:41:17Z",
    "7.0.107": "2021-01-28T08:41:17Z",
    "10.0.0-M10": "2021-01-28T08:41:17Z",
    "9.0.40": "2021-01-28T08:41:17Z",
    "8.5.60": "2020-11-12T17:29:16Z",
    "10.0.0-M9": "2020-11-12T17:29:16Z",
    "9.0.39": "2020-11-12T17:29:16Z",
    "8.5.59": "2020-11-12T17:29:16Z",
    "7.0.106": "2020-11-12T17:29:16Z",
    "9.0.38": "2020-11-12T17:29:16Z",
    "8.5.58": "2020-11-12T17:29:16Z",
    "10.0.0-M8": "2020-11-12T17:29:16Z",
    "7.0.105": "2020-11-12T17:29:16Z",
    "10.0.0-M7": "2020-11-12T17:29:16Z",
    "9.0.37": "2020-06-30T20:07:10Z",
    "8.5.57": "2020-06-30T20:07:10Z",
    "10.0.0-M6": "2020-06-30T20:07:10Z",
    "9.0.36": "2020-06-30T20:07:10Z",
    "8.5.56": "2020-06-30T20:07:10Z",
    "7.0.104": "2020-06-30T20:07:10Z",
    "10.0.0-M5": "2020-06-30T20:07:10Z",
    "9.0.35": "2020-06-30T20:07:10Z",
    "8.5.55": "2020-06-30T20:07:10Z",
    "10.0.0-M4": "2020-06-30T20:07:10Z",
    "9.0.34": "2020-04-03T12:01:00Z",
    "8.5.54": "2020-04-03T12:01:00Z",
    "7.0.103": "2020-04-03T12:01:00Z",
    "7.0.102": "2020-04-03T12:01:00Z",
    "9.0.33": "2020-04-03T12:01:00Z",
    "8.5.53": "2020-04-03T12:01:00Z",
    "10.0.0-M3": "2020-04-03T12:01:00Z",
    "7.0.101": "2020-04-03T12:01:00Z",
    "9.0.32": "2020-04-03T12:01:00Z",
    "8.5.52": "2020-04-03T12:01:00Z",
    "10.0.0-M2": "2020-03-05T18:15:55Z",
    "10.0.0-M1": "2020-03-05T18:15:55Z",
    "7.0.100": "2020-03-05T18:15:55Z",
    "10.0.0.0-M1": "2020-03-05T18:15:55Z",
    "9.0.31": "2020-03-05T18:15:55Z",
    "8.5.51": "2020-03-05T18:15:55Z",
    "7.0.99": "2020-03-05T18:15:55Z",
    "9.0.30": "2020-03-05T18:15:55Z",
    "8.5.50": "2020-03-05T18:15:55Z",
    "7.0.98": "2020-03-05T18:15:55Z",
    "8.5.49": "2019-11-17T18:40:05Z",
    "9.0.29": "2019-11-17T18:40:05Z",
    "8.5.48": "2019-11-17T18:40:05Z",
    "9.0.28": "2019-11-17T18:40:05Z",
    "9.0.27": "2019-11-17T18:40:05Z",
    "8.5.47": "2019-11-17T18:40:05Z",
    "7.0.97": "2019-11-17T18:40:05Z",
    "9.0.26": "2019-11-17T18:40:05Z",
    "9.0.25": "2019-11-17T18:40:05Z",
    "8.5.46": "2019-11-17T18:40:05Z",
    "9.0.24": "2019-08-14T21:14:21Z",
    "9.0.23": "2019-08-14T21:14:21Z",
    "8.5.45": "2019-08-14T21:14:21Z",
    "8.5.44": "2019-08-14T21:14:21Z",
    "7.0.96": "2019-08-14T21:14:21Z",
    "7.0.95": "2019-08-14T21:14:21Z",
    "9.0.22": "2019-08-14T21:14:21Z",
    "8.5.43": "2019-08-14T21:14:21Z",
    "9.0.21": "2019-08-14T21:14:21Z",
    "8.5.42": "2019-08-14T21:14:21Z",
    "8.5.41": "2019-05-04T08:51:14Z",
    "9.0.20": "2019-05-04T08:51:14Z",
    "9.0.19": "2019-05-04T08:51:14Z",
    "9.0.18": "2019-05-04T08:51:14Z",
    "8.5.40": "2019-05-04T08:51:14Z",
    "7.0.94": "2019-05-04T08:51:14Z",
    "8.5.39": "2019-05-04T08:51:14Z",
    "9.0.17": "2019-05-04T08:51:14Z",
    "7.0.93": "2019-05-04T08:51:14Z",
    "8.5.38": "2019-05-04T08:51:14Z",
    "9.0.16": "2019-02-04T16:18:04Z",
    "9.0.15": "2019-02-04T16:18:04Z",
    "8.5.37": "2019-02-04T16:18:04Z",
    "8.5.36": "2019-02-04T16:18:04Z",
    "9.0.14": "2019-02-04T16:18:04Z",
    "7.0.92": "2019-02-04T16:18:04Z",
    "8.5.35": "2019-02-04T16:18:04Z",
    "9.0.13": "2019-02-04T16:18:04Z",
    "7.0.91": "2019-02-04T16:18:04Z",
    "9.0.12": "2019-02-04T16:18:04Z",
    "8.5.34": "2018-09-04T22:27:30Z",
    "9.0.11": "2018-09-04T22:27:30Z",
    "8.5.33": "2018-09-04T22:27:30Z",
    "7.0.90": "2018-09-04T22:27:30Z",
    "7.0.89": "2018-09-04T22:27:30Z",
    "9.0.10": "2018-09-04T22:27:30Z",
    "9.0.9": "2018-09-04T22:27:30Z",
    "8.5.32": "2018-09-04T22:27:30Z",
    "7.0.88": "2018-09-04T22:27:30Z",
    "7.0.87": "2018-09-04T22:27:30Z",
    "9.0.8": "2018-04-27T19:30:34Z",
    "8.5.31": "2018-04-27T19:30:34Z",
    "7.0.86": "2018-04-27T19:30:34Z",
    "9.0.7": "2018-04-27T19:30:34Z",
    "8.5.30": "2018-04-27T19:30:34Z",
    "9.0.6": "2018-04-27T19:30:34Z",
    "8.5.29": "2018-04-27T19:30:34Z",
    "7.0.85": "2018-04-27T19:30:34Z",
    "9.0.5": "2018-04-27T19:30:34Z",
    "8.5.28": "2018-04-27T19:30:34Z",
    "7.0.84": "2018-01-19T14:53:57Z",
    "9.0.4": "2018-01-19T14:53:57Z",
    "8.5.27": "2018-01-19T14:53:57Z",
    "8.5.26": "2018-01-19T14:53:57Z",
    "8.5.25": "2018-01-19T14:53:57Z",
    "9.0.3": "2018-01-19T14:53:57Z",
    "7.0.83": "2018-01-19T14:53:57Z",
    "8.5.24": "2018-01-19T14:53:57Z",
    "9.0.2": "2018-01-19T14:53:57Z",
    "7.0.82": "2018-01-19T14:53:57Z",
    "8.5.23": "2017-09-28T10:20:08Z",
    "9.0.1": "2017-09-28T10:20:08Z",
    "9.0.0": "2017-09-28T10:20:08Z",
    "8.5.22": "2017-09-28T10:20:08Z",
    "9.0.0-M27": "2017-09-28T10:20:08Z",
    "8.5.21": "2017-09-28T10:20:08Z",
    "7.0.81": "2017-09-28T10:20:08Z",
    "7.0.80": "2017-09-28T10:20:08Z",
    "9.0.0-M26": "2017-09-28T10:20:08Z",
    "8.5.20": "2017-09-28T10:20:08Z",
    "9.0.0-M25": "2017-07-24T20:02:37Z",
    "8.5.19": "2017-07-24T20:02:37Z",
    "9.0.0-M24": "2017-07-24T20:02:37Z",
    "8.5.18": "2017-07-24T20:02:37Z",
    "9.0.0-M23": "2017-07-24T20:02:37Z",
    "8.5.17": "2017-07-24T20:02:37Z",
    "7.0.79": "2017-07-24T20:02:37Z",
    "9.0.0-M22": "2017-07-24T20:02:37Z",
    "8.5.16": "2017-07-24T20:02:37Z",
    "7.0.78": "2017-07-24T20:02:37Z",
    "8.5.15": "2017-05-05T10:59:43Z",
    "9.0.0-M21": "2017-05-05T10:59:43Z",
    "8.5.14": "2017-05-05T10:59:43Z",
    "9.0.0-M20": "2017-05-05T10:59:43Z",
    "7.0.77": "2017-05-05T10:59:43Z",
    "9.0.0-M19": "2017-05-05T10:59:43Z",
    "8.5.13": "2017-05-05T10:59:43Z",
    "7.0.76": "2017-05-05T10:59:43Z",
    "9.0.0-M18": "2017-05-05T10:59:43Z",
    "8.5.12": "2017-05-05T10:59:43Z",
    "7.0.75": "2017-01-18T20:45:33Z",
    "7.0.74": "2017-01-18T20:45:33Z",
    "9.0.0-M17": "2017-01-18T20:45:33Z",
    "8.5.11": "2017-01-18T20:45:33Z",
    "9.0.0-M16": "2017-01-18T20:45:33Z",
    "8.5.10": "2017-01-18T20:45:33Z",
    "9.0.0-M15": "2017-01-18T20:45:33Z",
    "9.0.0-M14": "2017-01-18T20:45:33Z",
    "8.5.9": "2017-01-18T20:45:33Z",
    "7.0.73": "2017-01-18T20:45:33Z",
    "9.0.0-M13": "2016-11-03T20:52:15Z",
    "8.5.8": "2016-11-03T20:52:15Z",
    "9.0.0-M12": "2016-11-03T20:52:15Z",
    "8.5.7": "2016-11-03T20:52:15Z",
    "9.0.0-M11": "2016-11-03T20:52:15Z",
    "8.5.6": "2016-11-03T20:52:15Z",
    "7.0.72": "2016-11-03T20:52:15Z",
    "7.0.71": "2016-11-03T20:52:15Z",
    "9.0.0-M10": "2016-11-03T20:52:15Z",
    "8.5.5": "2016-11-03T20:52:15Z",
    "8.5.4": "2016-07-06T08:38:50Z",
    "9.0.0-M9": "2016-07-06T08:38:50Z",
    "7.0.70": "2016-07-06T08:38:50Z",
    "8.5.3": "2016-07-06T08:38:50Z",
    "9.0.0-M8": "2016-07-06T08:38:50Z",
    "9.0.0-M7": "2016-07-06T08:38:50Z",
    "9.0.0-M6": "2016-07-06T08:38:50Z",
    "8.5.2": "2016-07-06T08:38:50Z",
    "8.5.1": "2016-07-06T08:38:50Z",
    "9.0.0-M5": "2016-07-06T08:38:50Z",
    "7.0.69": "2016-04-11T07:49:30Z",
    "8.5.0": "2016-04-11T07:49:30Z",
    "9.0.0-M4": "2016-04-11T07:49:30Z",
    "7.0.68": "2016-04-11T07:49:30Z",
    "9.0.0-M3": "2016-04-11T07:49:30Z",
    "9.0.0-M2": "2016-04-11T07:49:30Z",
    "7.0.67": "2016-04-11T07:49:30Z",
    "7.0.66": "2016-04-11T07:49:30Z",
    "9.0.0-M1": "2016-04-11T07:49:30Z",
    "7.0.65": "2016-04-11T07:49:30Z",
    "7.0.64": "2015-08-19T13:40:05Z",
    "7.0.63": "2015-08-19T13:40:05Z",
    "7.0.62": "2015-08-19T13:40:05Z",
    "7.0.61": "2015-08-19T13:40:05Z",
    "7.0.60": "2015-08-19T13:40:05Z",
    "7.0.59": "2015-08-19T13:40:05Z",
    "7.0.58": "2015-08-19T13:40:05Z",
    "7.0.57": "2015-08-19T13:40:05Z",
    "7.0.56": "2015-08-19T13:40:05Z",
    "7.0.55": "2015-08-19T13:40:05Z",
    "7.0.54": "2014-05-19T19:15:46Z",
    "7.0.53": "2014-05-19T19:15:46Z",
    "7.0.52": "2014-05-19T19:15:46Z",
    "7.0.51": "2014-05-19T19:15:46Z",
    "7.0.50": "2014-05-19T19:15:46Z",
    "7.0.49": "2014-05-19T19:15:46Z",
    "7.0.48": "2014-05-19T19:15:46Z",
    "7.0.47": "2014-05-19T19:15:46Z",
    "7.0.46": "2014-05-19T19:15:46Z",
    "7.0.45": "2014-05-19T19:15:46Z",
    "7.0.44": "2013-09-23T19:37:37Z",
    "7.0.43": "2013-09-23T19:37:37Z",
    "7.0.42": "2013-09-23T19:37:37Z",
    "7.0.41": "2013-09-23T19:37:37Z",
    "7.0.40": "2013-09-23T19:37:37Z",
    "7.0.39": "2013-09-23T19:37:37Z",
    "7.0.38": "2013-09-23T19:37:37Z",
    "7.0.37": "2013-09-23T19:37:37Z",
    "7.0.36": "2013-09-23T19:37:37Z",
    "7.0.35": "2013-09-23T19:37:37Z",
    "7.0.34": "2012-12-04T08:46:27Z",
    "7.0.33": "2012-12-04T08:46:27Z",
    "7.0.32": "2012-12-04T08:46:27Z",
    "7.0.31": "2012-12-04T08:46:27Z",
    "7.0.30": "2012-12-04T08:46:27Z",
    "7.0.29": "2012-12-04T08:46:27Z",
    "7.0.28": "2012-12-04T08:46:27Z",
    "7.0.27": "2012-12-04T08:46:27Z",
    "7.0.26": "2012-12-04T08:46:27Z",
    "7.0.25": "2012-12-04T08:46:27Z",
    "7.0.24": "2012-01-15T22:21:41Z",
    "7.0.23": "2012-01-15T22:21:41Z",
    "7.0.22": "2012-01-15T22:21:41Z",
    "7.0.21": "2012-01-15T22:21:41Z",
    "7.0.20": "2012-01-15T22:21:41Z",
    "7.0.19": "2012-01-15T22:21:41Z",
    "7.0.18": "2012-01-15T22:21:41Z",
    "7.0.17": "2012-01-15T22:21:41Z",
    "7.0.16": "2012-01-15T22:21:41Z",
    "7.0.15": "2012-01-15T22:21:41Z",
    "7.0.14": "2011-05-09T21:32:39Z",
    "7.0.13": "2011-05-09T21:32:39Z",
    "7.0.12": "2011-05-09T21:32:39Z",
    "7.0.11": "2011-05-09T21:32:39Z",
    "7.0.10": "2011-05-09T21:32:39Z",
    "7.0.9": "2011-05-09T21:32:39Z",
    "7.0.8": "2011-05-09T21:32:39Z",
    "7.0.7": "2011-05-09T21:32:39Z",
    "7.0.6": "2011-05-09T21:32:39Z",
    "7.0.5": "2011-05-09T21:32:39Z",
    "7.0.4": "2010-10-14T18:19:25Z",
    "7.0.3": "2010-10-14T18:19:25Z",
    "7.0.2": "2010-10-14T18:19:25Z",
    "7.0.1": "2010-10-14T18:19:25Z",
    "7.0.0": "2010-10-14T18:19:25Z"
  },
  "package_manager": "ant"
}