{
  "software": "ZipKin",
  "platform_link": "https://github.com/openzipkin/zipkin/issues",
  "git_link": "https://github.com/openzipkin/zipkin",
  "description": "Zipkin\u662f\u4e00\u4e2a\u5206\u5e03\u5f0f\u8ddf\u8e2a\u7cfb\u7edf\u3002\u5b83\u6709\u52a9\u4e8e\u6536\u96c6\u6240\u9700\u7684\u5b9a\u65f6\u6570\u636e\uff0c\u4ee5\u89e3\u51b3\u670d\u52a1\u67b6\u6784\u4e2d\u7684\u5ef6\u65f6\u95ee\u9898\u3002\u5176\u529f\u80fd\u5305\u62ec\u6536\u96c6\u548c\u67e5\u8be2\u8fd9\u4e9b\u6570\u636e\u3002",
  "language": [
    "Java",
    "JavaScript",
    "TypeScript",
    "Shell",
    "Dockerfile",
    "Smarty"
  ],
  "version": [
    "zipkin-0.3.0",
    "Zipkin 2.23.16",
    "Zipkin 2.23.15",
    "Zipkin 2.23.14",
    "Zipkin 2.23.9",
    "Zipkin 2.22.1",
    "Zipkin 2.22",
    "Zipkin 2.21",
    "Zipkin 2.20",
    "Zipkin 2.19.2",
    "Zipkin 2.19",
    "Zipkin 2.18",
    "Zipkin 2.17",
    "Zipkin 2.16",
    "Zipkin 2.15",
    "Zipkin 2.14",
    "Zipkin 2.13.0",
    "Zipkin 2.12.6",
    "Zipkin 2.12.3",
    "Zipkin 2.11.1",
    "Zipkin 2.11",
    "Zipkin 2.9",
    "Zipkin 2.8",
    "Zipkin 2.7",
    "Zipkin 2.6",
    "Zipkin 2.5",
    "Zipkin 2.4.5",
    "Zipkin 2.4.3",
    "Zipkin 2.4.2",
    "Zipkin 2.4",
    "Zipkin 2.3",
    "Zipkin 2.2",
    "Zipkin 2.1",
    "Zipkin 2",
    "Zipkin 1.30",
    "Zipkin 1.29",
    "Zipkin 1.28",
    "Zipkin 1.27",
    "Zipkin 1.26",
    "Zipkin 1.25",
    "Zipkin 1.24",
    "Zipkin 1.23",
    "Zipkin 1.22",
    "Zipkin 1.20",
    "Zipkin 1.19",
    "Zipkin 1.18",
    "Zipkin 1.16",
    "Zipkin 1.15",
    "Zipkin 1.14",
    "Zipkin 1.13",
    "Zipkin 1.11",
    "Zipkin 1.10",
    "Zipkin 1.8",
    "Zipkin 1.7",
    "Zipkin 1.6",
    "Zipkin 1.5",
    "Zipkin 1.4",
    "Zipkin 1.3",
    "Zipkin 1.2",
    "1.1.5",
    "Zipkin 1.1.4",
    "Zipkin 1.1.0",
    "Zipkin 1.0"
  ],
  "versions_dates": {
    "zipkin-0.3.0": "2022-01-27T21:32:36Z",
    "Zipkin 2.23.16": "2022-01-27T21:32:36Z",
    "Zipkin 2.23.15": "2022-01-27T21:32:36Z",
    "Zipkin 2.23.14": "2022-01-27T21:32:36Z",
    "Zipkin 2.23.9": "2022-01-27T21:32:36Z",
    "Zipkin 2.22.1": "2022-01-27T21:32:36Z",
    "Zipkin 2.22": "2022-01-27T21:32:36Z",
    "Zipkin 2.21": "2022-01-27T21:32:36Z",
    "Zipkin 2.20": "2022-01-27T21:32:36Z",
    "Zipkin 2.19.2": "2022-01-27T21:32:36Z",
    "Zipkin 2.19": "2019-11-01T00:39:12Z",
    "Zipkin 2.18": "2019-11-01T00:39:12Z",
    "Zipkin 2.17": "2019-11-01T00:39:12Z",
    "Zipkin 2.16": "2019-11-01T00:39:12Z",
    "Zipkin 2.15": "2019-11-01T00:39:12Z",
    "Zipkin 2.14": "2019-11-01T00:39:12Z",
    "Zipkin 2.13.0": "2019-11-01T00:39:12Z",
    "Zipkin 2.12.6": "2019-11-01T00:39:12Z",
    "Zipkin 2.12.3": "2019-11-01T00:39:12Z",
    "Zipkin 2.11.1": "2018-08-05T11:51:03Z",
    "Zipkin 2.11": "2018-08-05T11:51:03Z",
    "Zipkin 2.10 completes our v2 migration": "2018-08-05T11:51:03Z",
    "Zipkin 2.9": "2018-08-05T11:51:03Z",
    "Zipkin 2.8": "2018-08-05T11:51:03Z",
    "Zipkin 2.7": "2018-08-05T11:51:03Z",
    "Zipkin 2.6": "2018-08-05T11:51:03Z",
    "Zipkin 2.5": "2018-08-05T11:51:03Z",
    "Zipkin 2.4.5": "2018-08-05T11:51:03Z",
    "Do not use Zipkin 2.4.4 as it has a regression": "2018-08-05T11:51:03Z",
    "Zipkin 2.4.3": "2018-01-23T12:30:00Z",
    "Zipkin 2.4.2": "2018-01-23T12:30:00Z",
    "Zipkin 2.4": "2018-01-23T12:30:00Z",
    "Zipkin 2.3": "2018-01-23T12:30:00Z",
    "Zipkin 2.2": "2018-01-23T12:30:00Z",
    "Zipkin 2.1": "2018-01-23T12:30:00Z",
    "Zipkin 2": "2018-01-23T12:30:00Z",
    "Zipkin 1.30": "2018-01-23T12:30:00Z",
    "Zipkin 1.29": "2018-01-23T12:30:00Z",
    "Zipkin 1.28": "2018-01-23T12:30:00Z",
    "Zipkin 1.27": "2017-06-30T08:41:36Z",
    "Zipkin 1.26": "2017-06-30T08:41:36Z",
    "Zipkin 1.25": "2017-06-30T08:41:36Z",
    "Zipkin 1.24": "2017-06-30T08:41:36Z",
    "Zipkin 1.23": "2017-06-30T08:41:36Z",
    "Zipkin 1.22": "2017-06-30T08:41:36Z",
    "Zipkin 1.20": "2017-06-30T08:41:36Z",
    "Zipkin 1.19": "2017-06-30T08:41:36Z",
    "Zipkin 1.18": "2017-06-30T08:41:36Z",
    "Zipkin 1.16": "2017-06-30T08:41:36Z",
    "Zipkin 1.15": "2016-11-12T10:24:39Z",
    "Zipkin 1.14": "2016-11-12T10:24:39Z",
    "Zipkin 1.13": "2016-11-12T10:24:39Z",
    "Zipkin 1.11": "2016-11-12T10:24:39Z",
    "Zipkin 1.10": "2016-11-12T10:24:39Z",
    "Zipkin 1.8": "2016-11-12T10:24:39Z",
    "Zipkin 1.7": "2016-11-12T10:24:39Z",
    "Zipkin 1.6": "2016-11-12T10:24:39Z",
    "Zipkin 1.5": "2016-11-12T10:24:39Z",
    "Zipkin 1.4": "2016-11-12T10:24:39Z",
    "Zipkin 1.3": "2016-07-10T08:11:40Z",
    "Zipkin 1.2": "2016-07-10T08:11:40Z",
    "1.1.5": "2016-07-10T08:11:40Z",
    "Zipkin 1.1.4": "2016-07-10T08:11:40Z",
    "Zipkin 1.1.0": "2016-07-10T08:11:40Z",
    "Zipkin 1.0": "2016-07-10T08:11:40Z"
  },
  "package_manager": "maven"
}