{
  "software": "ZooKeeper",
  "platform_link": "https://issues.apache.org/jira/projects/ZOOKEEPER",
  "git_link": "https://github.com/apache/zookeeper",
  "description": "ZooKeeper\u662fApache\u8f6f\u4ef6\u57fa\u91d1\u4f1a\u7684\u4e00\u4e2a\u8f6f\u4ef6\u9879\u76ee\uff0c\u5b83\u4e3a\u5927\u578b\u5206\u5e03\u5f0f\u8ba1\u7b97\u63d0\u4f9b\u5f00\u6e90\u7684\u5206\u5e03\u5f0f\u914d\u7f6e\u670d\u52a1\u3001\u540c\u6b65\u670d\u52a1\u548c\u547d\u540d\u6ce8\u518c\u3002",
  "language": [
    "Java",
    "C++",
    "C",
    "JavaScript",
    "Python",
    "Shell",
    "Other"
  ],
  "version": [
    "release-3.8.0",
    "release-3.6.2",
    "release-3.5.8",
    "release-3.6.1",
    "release-3.5.7",
    "release-3.5.6",
    "release-3.4.14",
    "release-3.5.5",
    "release-3.4.13",
    "release-3.4.12",
    "release-3.7.0",
    "release-3.6.3",
    "release-3.6.0",
    "release-3.5.4",
    "release-3.4.11",
    "release-3.5.3",
    "release-3.5.2",
    "release-3.5.1",
    "release-3.5.0",
    "release-3.4.10",
    "release-3.4.9",
    "release-3.4.8",
    "release-3.4.7",
    "release-3.4.6",
    "release-3.4.5",
    "release-3.5.9",
    "release-3.4.4",
    "release-3.3.6",
    "release-3.3.5",
    "release-3.4.3",
    "release-3.4.2",
    "release-3.4.1",
    "release-3.4.0",
    "release-3.3.4",
    "release-3.3.3",
    "release-3.3.2",
    "release-3.3.1",
    "release-3.3.0",
    "release-3.2.2",
    "release-3.2.1",
    "release-3.2.0",
    "release-3.1.2",
    "release-3.1.1",
    "release-3.1.0",
    "release-3.0.1",
    "release-3.0.0"
  ],
  "versions_dates": {
    "3.8.0": "07/Mar/22",
    "3.6.2": "09/Sep/20",
    "3.5.8": "11/May/20",
    "3.6.1": "30/Apr/20",
    "3.5.7": "14/Feb/20",
    "3.5.6": "17/Oct/19",
    "3.4.14": "02/Apr/19",
    "3.5.5": "20/May/19",
    "3.4.13": "17/Jul/18",
    "3.4.12": "01/May/18",
    "3.7.0": "27/Mar/21",
    "3.6.3": "13/Apr/21",
    "3.5.4": "17/May/18",
    "3.4.11": "09/Nov/17",
    "3.5.3": "17/Apr/17",
    "3.5.2": "21/Jul/16",
    "3.5.1": "02/Sep/15",
    "3.5.0": "04/Aug/14",
    "3.4.10": "30/Mar/17",
    "3.4.9": "03/Sep/16",
    "3.4.8": "22/Feb/16",
    "3.4.7": "03/Dec/15",
    "3.4.6": "10/Mar/14",
    "3.4.5": "18/Nov/12",
    "3.5.9": "14/Jan/21",
    "3.4.4": "23/Sep/12",
    "3.3.6": "02/Aug/12",
    "3.3.5": "20/Mar/12",
    "3.4.3": "13/Feb/12",
    "3.4.2": "29/Dec/11",
    "3.4.1": "16/Dec/11",
    "3.4.0": "22/Nov/11",
    "3.3.4": "26/Nov/11",
    "3.3.3": "27/Feb/11",
    "3.3.2": "11/Nov/10",
    "3.3.1": "17/May/10",
    "3.3.0": "25/Mar/10",
    "3.2.2": "14/Dec/09",
    "3.2.1": "04/Sep/09",
    "3.2.0": "08/Jul/09",
    "3.1.2": "14/Dec/09",
    "3.1.1": "27/Mar/09",
    "3.1.0": "13/Feb/09",
    "3.0.1": "04/Dec/08",
    "3.0.0": "27/Oct/08"
  },
  "package_manager": "maven"
}